Workbook

Sheet README
A1: WoW Midnight Season 2 (12.1.5) - action bar planner
A2: Status: all 13 classes and 39 specs are filled in (Hunter, Death Knight, Warrior and Paladin were re-laid under the 2026-10-25 rules).
A4: How to read a spec sheet
A5: Columns A-G (grey = locked): Bar, Slot, Type, Key 1, Key 2, keys reserved for, Importance of slots. They come from input.xlsx except the reserved-for column on slots 52, 53, 54, 57 and 61, which follows the 2026-10-25 rules (52 Mobility, 53/54/57 Defensive, 61 Utility).
A6: Column H keeps the xlsx 'Details' as input notes. The xlsx 'Spell / action' column is kept at the far right for reference only: it did not match your real bars in 33 of 36 spell slots.
A7: Key reach tier (col I) is a live lookup in the 'Key reach tiers' sheet; Priority score (col J) = 2 x reach tier + slot importance; lower = better. Edit the blue tier cells and the scores update.
A8: Column P: on the Beast Mastery sheet it compares to Sylvana's real Myslot bars (KEEP / CHANGE / NEW). On the other Hunter sheets it compares to the Beast Mastery sheet (SAME / DIFFERENT), which is the 'same spell, same slot' rule.
A10: Rules applied
A11: 1. Bars 1-4 use the same keybinds for every spec. Slot, keys, 'keys reserved for' and importance come only from input.xlsx.
A12: 2. Importance 1 is most important. Key reach (how close the key is to your fingers) counts double the bar importance.
A13: 3. SHIFT-R is always Burst; V is always the taunt (pet Growl counts for pet specs). Both stay open if the spec has none.
A14: 4. Bar 1 slots 11-12 and Bar 2 slots 70-72 are shared by every class and spec. Bar 4 is identical for every class and spec.
... A25: UNVERIFIED: Warband Bank Distance Inhibitor use effect; Moonlight Chakram replacing Takedown through /cast Takedown; talent strings with a zero tree hash in game; the AoE priority lists for MM and SV (page text not captured).

Sheet Hunter - Beast Mastery
A1: Bar | B1: Slot | C1: Type | D1: Key 1 | E1: Key 2 | F1: keys reserved for | G1: Importance of slots | H1: Input notes (xlsx Details) | I1: Key reach tier | J1: Priority score | K1: Recommended action | L1: Placed as | M1: ID / macro id | N1: Icon file | O1: Spell rank (1-5) | P1: Change vs Sylvana | Q1: Sylvana's current | R1: Reason | S1: Status | T1: xlsx spell (unreliable) | U1: Icon link
A2: Bar 1 | B2: 1 | C2: Spell | D2: 1 | F2: Attack/Heal | G2: 2 | H2: Beast Cleave | I2: =IFERROR(INDEX('Key reach tiers'!$B$2:$B$48,MATCH(D2,'Key reach tiers'!$A$2:$A$48,0)),3) -> 1 | J2: =IF(G2="","",2*I2+G2) -> 4 | K2: Mend Pet | L2: Spell | M2: 136 | N2: ability_hunter_mendpet | O2: 3 | P2: CHANGE | Q2: Hunter's Mark | R2: Rank 3 pet heal is pressed reactively, so it takes a reach-1 key; Hunter's Mark (rank 2) moves to slot 8. | S2: VERIFIED | T2: Multi-Shot | U2: icon
A3: Bar 1 | B3: 2 | C3: Spell | D3: 2 | F3: Attack/Heal | G3: 1 | I3: =IFERROR(INDEX('Key reach tiers'!$B$2:$B$48,MATCH(D3,'Key reach tiers'!$A$2:$A$48,0)),3) -> 1 | J3: =IF(G3="","",2*I3+G3) -> 3 | K3: Cobra Shot macro 'Cobra' | L3: Macro | M3: 9 | N3: ability_hunter_cobrashot | O3: 5 | P3: KEEP | Q3: macro 9 'Cobra' | R3: Rank 5 filler on a reach-1, importance-1 key; macro also fires pet Claw/Bite/Smack. Keep. | S3: VERIFIED | T3: Kill Command | U3: icon
A4: Bar 1 | B4: 3 | C4: Spell | D4: 3 | F4: Attack/Heal | G4: 1 | I4: =IFERROR(INDEX('Key reach tiers'!$B$2:$B$48,MATCH(D4,'Key reach tiers'!$A$2:$A$48,0)),3) -> 1 | J4: =IF(G4="","",2*I4+G4) -> 3 | K4: Wild Thrash macro 'Wild' | L4: Macro | M4: 33 | N4: ability_hunter_sickem | O4: 4 | P4: KEEP | Q4: macro 33 'Wild' | R4: Rank 4 AoE instant (triggers Beast Cleave) on an importance-1 key. Keep. | S4: VERIFIED | T4: Barbed Shot | U4: icon
A5: Bar 1 | B5: 4 | C5: Spell | D5: 4 | F5: Attack/Heal | G5: 2 | H5: From your BM bar | I5: =IFERROR(INDEX('Key reach tiers'!$B$2:$B$48,MATCH(D5,'Key reach tiers'!$A$2:$A$48,0)),3) -> 1 | J5: =IF(G5="","",2*I5+G5) -> 4 | K5: Bestial Wrath macro 'BW' | L5: Macro | M5: 8 | N5: ability_druid_ferociousbite | O5: 4 | P5: KEEP | Q5: macro 8 'BW' | R5: Wowhead: use Bestial Wrath on cooldown (rank 4), so it also sits on a reach-1 key. Keep. | S5: VERIFIED | T5: Wild Thrash | U5: icon
A6: Bar 1 | B6: 5 | C6: Spell | D6: R | F6: Attack/Heal | G6: 1 | I6: =IFERROR(INDEX('Key reach tiers'!$B$2:$B$48,MATCH(D6,'Key reach tiers'!$A$2:$A$48,0)),3) -> 1 | J6: =IF(G6="","",2*I6+G6) -> 3 | K6: Kill Command macro 'KC' | L6: Macro | M6: 17 | N6: ability_hunter_killcommand | O6: 5 | P6: KEEP | Q6: macro 17 'KC' | R6: Rank 5 on R: reach 1 and importance 1. Keep. | S6: VERIFIED | T6: Cobra Shot | U6: icon
A7: Bar 1 | B7: 6 | C7: Spell | D7: F | F7: Attack/Heal | G7: 2 | H7: AoE opener | I7: =IFERROR(INDEX('Key reach tiers'!$B$2:$B$48,MATCH(D7,'Key reach tiers'!$A$2:$A$48,0)),3) -> 1 | J7: =IF(G7="","",2*I7+G7) -> 4 | K7: Cobra Shot macro 'Cobra' | L7: Macro | M7: 9 | N7: ability_hunter_cobrashot | O7: 5 | P7: KEEP | Q7: macro 9 'Cobra' | R7: Cobra Shot is the most-pressed filler, so a second copy on a reach-1 key is worth it. Keep. | S7: VERIFIED | T7: Dire Beast | U7: icon
A8: Bar 1 | B8: 7 | C8: Spell | D8: BUTTON4 | F8: Attack/Heal | G8: 1 | H8: Dark Ranger | I8: =IFERROR(INDEX('Key reach tiers'!$B$2:$B$48,MATCH(D8,'Key reach tiers'!$A$2:$A$48,0)),3) -> 1 | J8: =IF(G8="","",2*I8+G8) -> 3 | K8: Barbed Shot macro 'Barbed' | L8: Macro | M8: 7 | N8: ability_hunter_barbedshot | O8: 5 | P8: KEEP | Q8: macro 7 'Barbed' | R8: Rank 5 on thumb BUTTON4 (reach 1, importance 1). Keep. | S8: VERIFIED | T8: Black Arrow | U8: icon
A9: Bar 1 | B9: 8 | C9: Spell | D9: SHIFT-BUTTON4 | F9: Attack/Heal | G9: 2 | I9: =IFERROR(INDEX('Key reach tiers'!$B$2:$B$48,MATCH(D9,'Key reach tiers'!$A$2:$A$48,0)),3) -> 2 | J9: =IF(G9="","",2*I9+G9) -> 6 | K9: Hunter's Mark | L9: Spell | M9: 257284 | N9: ability_hunter_markedfordeath | O9: 2 | P9: CHANGE | Q9: Tranquilizing Shot | R9: Rank 2 pre-pull mark; SHIFT-BUTTON4 is thumb-reachable and your xlsx plan also put it here. | S9: VERIFIED | T9: Hunter's Mark | U9: icon
A10: Bar 1 | B10: 9 | C10: Spell | D10: V | F10: Utility | G10: 3 | I10: =IFERROR(INDEX('Key reach tiers'!$B$2:$B$48,MATCH(D10,'Key reach tiers'!$A$2:$A$48,0)),3) -> 2 | J10: =IF(G10="","",2*I10+G10) -> 7 | K10: Growl macro 'Growl' | L10: Macro | M10: 16 | N10: ability_physical_taunt | O10: 3 | P10: KEEP | Q10: macro 16 'Growl' | R10: Rule: V is always the taunt; pet Growl counts for pet specs (your decision). Keep. | S10: VERIFIED | T10: Tranquilizing Shot | U10: icon
A11: Bar 1 | B11: 10 | C11: Spell | D11: SHIFT-V | F11: Utility | G11: 3 | I11: =IFERROR(INDEX('Key reach tiers'!$B$2:$B$48,MATCH(D11,'Key reach tiers'!$A$2:$A$48,0)),3) -> 3 | J11: =IF(G11="","",2*I11+G11) -> 9 | K11: Tame Beast macro 'tame' | L11: Macro | M11: 27 | N11: ability_hunter_beasttaming | O11: 1 | P11: KEEP | Q11: macro 27 'tame' | R11: Rank 1 Tame Beast / Dismiss Pet belongs on a low-reach key (reach 3). Keep. | S11: VERIFIED | T11: Misdirection | U11: icon
A12: Bar 1 | B12: 11 | C12: Item | D12: ALT-MOUSEWHEELUP | F12: Utility | G12: 3 | H12: Unchanged from your BM bar | I12: =IFERROR(INDEX('Key reach tiers'!$B$2:$B$48,MATCH(D12,'Key reach tiers'!$A$2:$A$48,0)),3) -> 3 | J12: =IF(G12="","",2*I12+G12) -> 9 | K12: Interdimensional Companion Repository | L12: Item | M12: 153510 | N12: inv_eng_interdimensionalcompanionrepository | P12: KEEP | Q12: Interdimensional Companion Repository | R12: Shared across every class and spec (confirmed). Keep. | S12: VERIFIED | T12: Item 153510 | U12: icon
A13: Bar 1 | B13: 12 | C13: Item | D13: ALT-MOUSEWHEELDOWN | F13: Utility | G13: 3 | I13: =IFERROR(INDEX('Key reach tiers'!$B$2:$B$48,MATCH(D13,'Key reach tiers'!$A$2:$A$48,0)),3) -> 3 | J13: =IF(G13="","",2*I13+G13) -> 9 | K13: Healthstone | L13: Item | M13: 5512 | N13: warlock_-healthstone | P13: KEEP | Q13: Healthstone | R13: Shared across every class and spec (confirmed). Keep. | S13: VERIFIED | T13: Healthstone | U13: icon
A14: Bar 2 | B14: 61 | C14: Spell | D14: SHIFT-MOUSEWHEELUP | F14: Utility | G14: 3 | I14: =IFERROR(INDEX('Key reach tiers'!$B$2:$B$48,MATCH(D14,'Key reach tiers'!$A$2:$A$48,0)),3) -> 2 | J14: =IF(G14="","",2*I14+G14) -> 7 | K14: Tranquilizing Shot | L14: Spell | M14: 19801 | N14: spell_nature_drowsy | O14: 2 | P14: CHANGE | Q14: macro 29 'TankMDaddon' | R14: Rank 2 enrage/magic dispel on SHIFT-wheel up (reach 2); Misdirection moves to a better slot. | S14: VERIFIED | T14: Flare | U14: icon
A15: Bar 2 | B15: 62 | C15: Spell | D15: C | E15: F9 | F15: Crowd control | G15: 3 | I15: =IFERROR(INDEX('Key reach tiers'!$B$2:$B$48,MATCH(D15,'Key reach tiers'!$A$2:$A$48,0)),3) -> 2 | J15: =IF(G15="","",2*I15+G15) -> 7 | K15: Intimidation macro 'Kick2' | L15: Macro | M15: 18 | N15: ability_devour | O15: 2 | P15: KEEP | Q15: macro 18 'Kick2' | R15: Rank 2 stun/focus-stun macro on C, with F9 as second key. Keep. | S15: VERIFIED | T15: Binding Shot | U15: icon
A16: Bar 2 | B16: 63 | C16: Spell | D16: T | F16: Utility | G16: 3 | I16: =IFERROR(INDEX('Key reach tiers'!$B$2:$B$48,MATCH(D16,'Key reach tiers'!$A$2:$A$48,0)),3) -> 2 | J16: =IF(G16="","",2*I16+G16) -> 7 | K16: Feign Death | L16: Spell | M16: 5384 | N16: ability_rogue_feigndeath | O16: 2 | P16: CHANGE | Q16: macro 32 'Turtle' | R16: Rank 2 panic button on T (reach 2); the Turtle macro moves to a Defensive slot. | S16: VERIFIED | T16: Camouflage | U16: icon
A17: Bar 2 | B17: 64 | C17: Spell | D17: SHIFT-C | F17: Crowd control | G17: 3 | I17: =IFERROR(INDEX('Key reach tiers'!$B$2:$B$48,MATCH(D17,'Key reach tiers'!$A$2:$A$48,0)),3) -> 3 | J17: =IF(G17="","",2*I17+G17) -> 9 | K17: Freezing Trap macro 'Trap' | L17: Macro | M17: 31 | N17: spell_frost_chainsofice | O17: 2 | P17: KEEP | Q17: macro 31 'Trap' | R17: Rank 2 trap dropped at the cursor on SHIFT-C. Keep. | S17: VERIFIED | T17: Freezing Trap | U17: icon
A18: Bar 2 | B18: 65 | C18: Spell | D18: SHIFT-R | F18: Burst | G18: 3 | H18: With racials, trinkets, potion | I18: =IFERROR(INDEX('Key reach tiers'!$B$2:$B$48,MATCH(D18,'Key reach tiers'!$A$2:$A$48,0)),3) -> 2 | J18: =IF(G18="","",2*I18+G18) -> 7 | K18: Bestial Wrath macro 'BW' | L18: Macro | M18: 8 | N18: ability_druid_ferociousbite | O18: 4 | P18: KEEP | Q18: macro 8 'BW' | R18: Rule: SHIFT-R is always burst; the macro bundles racials, trinkets and potion. Keep. | S18: VERIFIED | T18: Bestial Wrath | U18: icon
A19: Bar 2 | B19: 66 | C19: Spell | D19: SHIFT-F | F19: Burst | G19: 3 | I19: =IFERROR(INDEX('Key reach tiers'!$B$2:$B$48,MATCH(D19,'Key reach tiers'!$A$2:$A$48,0)),3) -> 2 | J19: =IF(G19="","",2*I19+G19) -> 7 | K19: (open) | L19: Open | P19: CHANGE | Q19: Feign Death | R19: Pack Leader has no second burst button (Call of the Wild is not in the 12.1.5 BM tree); left open. | S19: UNVERIFIED | T19: Call of the Wild
A20: Bar 2 | B20: 67 | C20: Spell | D20: Z | F20: Burst | G20: 3 | I20: =IFERROR(INDEX('Key reach tiers'!$B$2:$B$48,MATCH(D20,'Key reach tiers'!$A$2:$A$48,0)),3) -> 2 | J20: =IF(G20="","",2*I20+G20) -> 7 | K20: Primal Rage macro 'SX' | L20: Macro | M20: 25 | N20: spell_shadow_unholyfrenzy | O20: 2 | P20: KEEP | Q20: macro 25 'SX' | R20: Rank 2 pet Bloodlust (6 min CD) is the only extra burst. Keep. | S20: VERIFIED | T20: Bloodshed | U20: icon
A21: Bar 2 | B21: 68 | C21: Spell | D21: X | F21: Utility | G21: 3 | I21: =IFERROR(INDEX('Key reach tiers'!$B$2:$B$48,MATCH(D21,'Key reach tiers'!$A$2:$A$48,0)),3) -> 2 | J21: =IF(G21="","",2*I21+G21) -> 7 | K21: Revive Pet | L21: Spell | M21: 982 | N21: ability_hunter_beastsoothe | O21: 2 | P21: CHANGE | Q21: Flare | R21: Rank 2 out-of-combat pet fix; moved to X (tier 2) after you set SHIFT-A to tier 3. | S21: VERIFIED | T21: Tar Trap | U21: icon
A22: Bar 2 | B22: 69 | C22: Spell | F22: Utility | G22: 3 | I22: =IFERROR(INDEX('Key reach tiers'!$B$2:$B$48,MATCH(D22,'Key reach tiers'!$A$2:$A$48,0)),3) -> 3 | J22: =IF(G22="","",2*I22+G22) -> 9 | K22: Beast Lore | L22: Spell | M22: 1462 | N22: ability_physical_taunt | O22: 1 | P22: KEEP | Q22: Beast Lore | R22: Rank 1 on an unbound slot, kept because Bar 4's Beast Lore was removed (class specific). | S22: VERIFIED | T22: Intimidation | U22: icon
A23: Bar 2 | B23: 70 | C23: Item | D23: 6 | F23: Utility | G23: 3 | H23: Unchanged from your BM bar | I23: =IFERROR(INDEX('Key reach tiers'!$B$2:$B$48,MATCH(D23,'Key reach tiers'!$A$2:$A$48,0)),3) -> 2 | J23: =IF(G23="","",2*I23+G23) -> 7 | K23: Voracious Heart of Ula'tek (trinket) | L23: Item | M23: 270175 | N23: inv_121_trinket_raid_ulatek_heart | P23: KEEP | Q23: Voracious Heart of Ula'tek | R23: Shared across every class and spec (confirmed); it is a trinket, so check usability per spec. | S23: VERIFIED | T23: Item 270175 | U23: icon
A24: Bar 2 | B24: 71 | C24: Macro | D24: F10 | F24: Utility | G24: 2 | H24: Your pReck macro (Potion of Recklessness for DPS; use a role-appropriate potion on tank/healer) | I24: =IFERROR(INDEX('Key reach tiers'!$B$2:$B$48,MATCH(D24,'Key reach tiers'!$A$2:$A$48,0)),3) -> 1 | J24: =IF(G24="","",2*I24+G24) -> 4 | K24: Potion macro 'pReck' | L24: Macro | M24: 21 | N24: inv_misc_questionmark | P24: KEEP | Q24: macro 21 'pReck' | R24: Shared; Potion of Recklessness for DPS (role-appropriate potion for tank/healer). Keep. | S24: VERIFIED | T24: Combat potion
A25: Bar 2 | B25: 72 | C25: Macro | D25: F11 | F25: Utility | G25: 2 | H25: Your pHealth macro | I25: =IFERROR(INDEX('Key reach tiers'!$B$2:$B$48,MATCH(D25,'Key reach tiers'!$A$2:$A$48,0)),3) -> 1 | J25: =IF(G25="","",2*I25+G25) -> 4 | K25: Potion macro 'pHealth' | L25: Macro | M25: 19 | N25: inv_misc_questionmark | P25: KEEP | Q25: macro 19 'pHealth' | R25: Shared; health potion then Healthstone. Keep. | S25: VERIFIED | T25: Health potion, then Healthstone
A26: Bar 3 | B26: 49 | C26: Spell | D26: MOUSEWHEELUP | F26: Mobility | G26: 2 | I26: =IFERROR(INDEX('Key reach tiers'!$B$2:$B$48,MATCH(D26,'Key reach tiers'!$A$2:$A$48,0)),3) -> 1 | J26: =IF(G26="","",2*I26+G26) -> 4 | K26: Aspect of the Cheetah | L26: Spell | M26: 186257 | N26: ability_mount_jungletiger | O26: 3 | P26: KEEP | Q26: Aspect of the Cheetah | R26: The only Mobility slot; rank 3. Keep. | S26: VERIFIED | T26: Aspect of the Cheetah | U26: icon
A27: Bar 3 | B27: 50 | C27: Spell | D27: BUTTON5 | F27: Crowd control | G27: 2 | H27: Interrupt | I27: =IFERROR(INDEX('Key reach tiers'!$B$2:$B$48,MATCH(D27,'Key reach tiers'!$A$2:$A$48,0)),3) -> 1 | J27: =IF(G27="","",2*I27+G27) -> 4 | K27: Counter Shot | L27: Spell | M27: 147362 | N27: inv_ammo_arrow_03 | O27: 3 | P27: KEEP | Q27: Counter Shot | R27: Rank 3 interrupt on BUTTON5 (reach 1). Keep. | S27: VERIFIED | T27: Counter Shot | U27: icon
A28: Bar 3 | B28: 51 | C28: Macro (new) | D28: SHIFT-BUTTON5 | F28: Crowd control | G28: 2 | H28: #showtooltip Counter Shot / cast [@focus,exists,harm,nodead] Counter Shot | I28: =IFERROR(INDEX('Key reach tiers'!$B$2:$B$48,MATCH(D28,'Key reach tiers'!$A$2:$A$48,0)),3) -> 2 | J28: =IF(G28="","",2*I28+G28) -> 6 | K28: Counter Shot macro 'CSFocus' | L28: Macro | M28: 10 | N28: inv_ammo_arrow_03 | O28: 3 | P28: KEEP | Q28: macro 10 'CSFocus' | R28: Focus-target interrupt on SHIFT-BUTTON5. Keep. | S28: VERIFIED | T28: Counter Shot on focus | U28: icon
A29: Bar 3 | B29: 52 | C29: Spell | D29: MOUSEWHEELDOWN | F29: Mobility | G29: 2 | I29: =IFERROR(INDEX('Key reach tiers'!$B$2:$B$48,MATCH(D29,'Key reach tiers'!$A$2:$A$48,0)),3) -> 1 | J29: =IF(G29="","",2*I29+G29) -> 4 | K29: Disengage | L29: Spell | M29: 781 | N29: ability_rogue_feint | O29: 3 | P29: KEEP | Q29: Disengage | R29: Rank 3 escape on SHIFT-wheel down (reach 2); exception: Mobility spell in a Utility slot, as in your xlsx plan. | S29: VERIFIED | T29: Aspect of the Turtle | U29: icon
A30: Bar 3 | B30: 53 | C30: Spell | D30: A | F30: Defensive | G30: 2 | I30: =IFERROR(INDEX('Key reach tiers'!$B$2:$B$48,MATCH(D30,'Key reach tiers'!$A$2:$A$48,0)),3) -> 1 | J30: =IF(G30="","",2*I30+G30) -> 4 | K30: Survival of the Fittest | L30: Spell | M30: 264735 | N30: spell_nature_spiritarmor | O30: 2 | P30: CHANGE | Q30: macro 2 'Shadow' | R30: Defensive slot on A; rank 2. Replaces the Shadowmeld macro, which is race-specific and not portable. | S30: VERIFIED | T30: Exhilaration | U30: icon
A31: Bar 3 | B31: 54 | C31: Spell | D31: D | F31: Defensive | G31: 2 | I31: =IFERROR(INDEX('Key reach tiers'!$B$2:$B$48,MATCH(D31,'Key reach tiers'!$A$2:$A$48,0)),3) -> 1 | J31: =IF(G31="","",2*I31+G31) -> 4 | K31: Exhilaration | L31: Spell | M31: 109304 | N31: ability_hunter_onewithnature | O31: 2 | P31: KEEP | Q31: Exhilaration | R31: Rank 2 self-heal on D. Keep. | S31: VERIFIED | T31: Survival of the Fittest | U31: icon
A32: Bar 3 | B32: 55 | C32: Spell | D32: SHIFT-A | F32: Utility | G32: 3 | I32: =IFERROR(INDEX('Key reach tiers'!$B$2:$B$48,MATCH(D32,'Key reach tiers'!$A$2:$A$48,0)),3) -> 3 | J32: =IF(G32="","",2*I32+G32) -> 9 | K32: Flare | L32: Spell | M32: 1543 | N32: spell_fire_flare | O32: 1 | P32: CHANGE | Q32: Revive Pet | R32: Rank 1 situational utility; SHIFT-A is now tier 3 (your edit), so the least-used spell goes here. | S32: VERIFIED | T32: Mend Pet | U32: icon
A33: Bar 3 | B33: 56 | C33: Spell | D33: SHIFT-D | F33: Utility | G33: 2 | I33: =IFERROR(INDEX('Key reach tiers'!$B$2:$B$48,MATCH(D33,'Key reach tiers'!$A$2:$A$48,0)),3) -> 2 | J33: =IF(G33="","",2*I33+G33) -> 6 | K33: Misdirection macro 'TankMDaddon' | L33: Macro | M33: 29 | N33: ability_hunter_misdirection | O33: 3 | P33: CHANGE | Q33: Mend Pet | R33: Rank 3 pull utility on SHIFT-D (reach 2); needs the TankMD addon button. Moved from slot 61. | S33: VERIFIED | T33: Feign Death | U33: icon
A34: Bar 3 | B34: 57 | C34: Spell | D34: SHIFT-MOUSEWHEELDOWN | F34: Defensive | G34: 2 | I34: =IFERROR(INDEX('Key reach tiers'!$B$2:$B$48,MATCH(D34,'Key reach tiers'!$A$2:$A$48,0)),3) -> 2 | J34: =IF(G34="","",2*I34+G34) -> 6 | K34: Aspect of the Turtle macro 'Turtle' | L34: Macro | M34: 32 | N34: ability_hunter_pet_turtle | O34: 2 | P34: CHANGE | Q34: Survival of the Fittest | R34: Defensive slot on wheel down; rank 2. The Turtle macro moves here from T (a Utility slot). | S34: VERIFIED | T34: Disengage | U34: icon
A35: Bar 3 | B35: 58 | C35: Spell | F35: Utility | G35: 3 | I35: =IFERROR(INDEX('Key reach tiers'!$B$2:$B$48,MATCH(D35,'Key reach tiers'!$A$2:$A$48,0)),3) -> 3 | J35: =IF(G35="","",2*I35+G35) -> 9 | K35: Call Pet flyout (flyout 9) | L35: Flyout | M35: 9 | N35: ability_hunter_beastcall | P35: KEEP | Q35: FLYOUT 9 | R35: Pet flyout on an unbound slot, click-only. Keep. | S35: VERIFIED | T35: Primal Rage | U35: icon
A36: Bar 3 | B36: 59 | C36: Macro (new) | D36: SHIFT-F10 | F36: Utility | G36: 3 | H36: #showtooltip Counter Shot / cleartarget / targetenemy / cast Counter Shot / targetlasttarget | I36: =IFERROR(INDEX('Key reach tiers'!$B$2:$B$48,MATCH(D36,'Key reach tiers'!$A$2:$A$48,0)),3) -> 2 | J36: =IF(G36="","",2*I36+G36) -> 7 | K36: Counter Shot macro 'AutoKick' | L36: Macro | M36: 5 | N36: inv_ammo_arrow_03 | O36: 3 | P36: KEEP | Q36: macro 5 'AutoKick' | R36: Interrupt macro on SHIFT-F10; exception: interrupt in a Utility slot, matching your xlsx plan. Keep. | S36: VERIFIED | T36: Counter Shot on tab target | U36: icon
A37: Bar 3 | B37: 60 | C37: Spell | D37: SHIFT-F11 | F37: Utility | G37: 3 | I37: =IFERROR(INDEX('Key reach tiers'!$B$2:$B$48,MATCH(D37,'Key reach tiers'!$A$2:$A$48,0)),3) -> 2 | J37: =IF(G37="","",2*I37+G37) -> 7 | K37: Intimidation macro 'AutoKick2' | L37: Macro | M37: 6 | N37: ability_devour | O37: 2 | P37: KEEP | Q37: macro 6 'AutoKick2' | R37: Focus stun/kick macro on SHIFT-F11; exception: CC in a Utility slot. Keep. | S37: VERIFIED | T37: Revive Pet | U37: icon
A38: Bar 4 | B38: 25 | C38: Item | D38: ALT-0 | F38: Cross char utility | H38: Name not resolved | I38: =IFERROR(INDEX('Key reach tiers'!$B$2:$B$48,MATCH(D38,'Key reach tiers'!$A$2:$A$48,0)),3) -> 3 | J38: =IF(G38="","",2*I38+G38) | K38: Corewarden's Hearthstone | L38: Item | M38: 265100 | N38: inv_cosmicvoid_groundsate | P38: KEEP | Q38: item 265100 | R38: Bar 4 is fixed for all classes and specs. Keep. | S38: VERIFIED | T38: Item 265100 | U38: icon
A39: Bar 4 | B39: 26 | C39: Item | D39: ALT-1 | F39: Cross char utility | H39: Item 140192 | I39: =IFERROR(INDEX('Key reach tiers'!$B$2:$B$48,MATCH(D39,'Key reach tiers'!$A$2:$A$48,0)),3) -> 3 | J39: =IF(G39="","",2*I39+G39) | K39: Dalaran Hearthstone | L39: Item | M39: 140192 | N39: inv_misc_rune_15 | P39: KEEP | Q39: item 140192 | R39: Bar 4 is fixed for all classes and specs. Keep. | S39: VERIFIED | T39: Dalaran Hearthstone | U39: icon
A40: Bar 4 | B40: 27 | C40: Item | D40: ALT-2 | F40: Cross char utility | H40: Name not resolved | I40: =IFERROR(INDEX('Key reach tiers'!$B$2:$B$48,MATCH(D40,'Key reach tiers'!$A$2:$A$48,0)),3) -> 3 | J40: =IF(G40="","",2*I40+G40) | K40: Personal Key to the Arcantina | L40: Item | M40: 253629 | N40: inv_12_-arcantina_key | P40: KEEP | Q40: item 253629 | R40: Bar 4 is fixed for all classes and specs. Keep. | S40: VERIFIED | T40: Item 253629 | U40: icon
A41: Bar 4 | B41: 28 | C41: Mount | D41: ALT-3 | F41: Cross char utility | H41: Mount ID 460 | I41: =IFERROR(INDEX('Key reach tiers'!$B$2:$B$48,MATCH(D41,'Key reach tiers'!$A$2:$A$48,0)),3) -> 2 | J41: =IF(G41="","",2*I41+G41) | K41: Mount: Grand Expedition Yak | L41: Mount | M41: 460 | N41: ability_mount_yak | P41: KEEP | Q41: MOUNT 460 | R41: Bar 4 is fixed for all classes and specs. Keep. | S41: VERIFIED | T41: Grand Expedition Yak | U41: icon
A42: Bar 4 | B42: 29 | C42: Mount | D42: ALT-4 | F42: Cross char utility | H42: Name not resolved | I42: =IFERROR(INDEX('Key reach tiers'!$B$2:$B$48,MATCH(D42,'Key reach tiers'!$A$2:$A$48,0)),3) -> 2 | J42: =IF(G42="","",2*I42+G42) | K42: Mount: Trader's Gilded Brutosaur | L42: Mount | M42: 2265 | N42: ability_mount_mammoth_brown | P42: KEEP | Q42: MOUNT 2265 | R42: Bar 4 is fixed for all classes and specs. Keep. (icon file not looked up) | S42: VERIFIED | T42: Mount ID 2265 | U42: icon
A43: Bar 4 | B43: 30 | C43: Macro (blank name) | D43: ALT-SHIFT-3 | F43: Cross char utility | H43: Dragonriding mount-up; dismounts if mounted | I43: =IFERROR(INDEX('Key reach tiers'!$B$2:$B$48,MATCH(D43,'Key reach tiers'!$A$2:$A$48,0)),3) -> 2 | J43: =IF(G43="","",2*I43+G43) | K43: Soar mount-up macro (macro 1) | L43: Macro | M43: 1 | N43: ability_dragonriding_forwardflap01 | P43: KEEP | Q43: macro 1 '' | R43: Bar 4 is fixed for all classes and specs. Keep. | S43: VERIFIED | T43: Soar | U43: icon
A44: Bar 4 | B44: 31 | C44: Companion | D44: ALT-SHIFT-4 | F44: Cross char utility | H44: Name not resolved | I44: =IFERROR(INDEX('Key reach tiers'!$B$2:$B$48,MATCH(D44,'Key reach tiers'!$A$2:$A$48,0)),3) -> 2 | J44: =IF(G44="","",2*I44+G44) | K44: Companion: Tuskarr Hermit Crab | L44: Companion | M44: 1293028 | N44: inv_misc_questionmark | P44: KEEP | Q44: COMPANION 1293028 | R44: Bar 4 is fixed for all classes and specs. Keep. (icon file not looked up) | S44: VERIFIED | T44: Companion ID 1293028
A45: Bar 4 | B45: 32 | C45: Macro: portions | D45: ALT-5 | F45: Cross char utility | H45: Plumber drawer, 5 potions | I45: =IFERROR(INDEX('Key reach tiers'!$B$2:$B$48,MATCH(D45,'Key reach tiers'!$A$2:$A$48,0)),3) -> 3 | J45: =IF(G45="","",2*I45+G45) | K45: Potion drawer macro 'portions' | L45: Macro | M45: 20 | N45: inv_potion_54 | P45: KEEP | Q45: macro 20 'portions' | R45: Bar 4 is fixed for all classes and specs. Keep. | S45: VERIFIED | T45: Potion drawer | U45: icon
A46: Bar 4 | B46: 33 | C46: Macro: toys | D46: ALT-6 | F46: Cross char utility | H46: Plumber drawer, 7 toys | I46: =IFERROR(INDEX('Key reach tiers'!$B$2:$B$48,MATCH(D46,'Key reach tiers'!$A$2:$A$48,0)),3) -> 3 | J46: =IF(G46="","",2*I46+G46) | K46: Toy drawer macro 'toys' | L46: Macro | M46: 30 | N46: inv_misc_toy_07 | P46: KEEP | Q46: macro 30 'toys' | R46: Bar 4 is fixed for all classes and specs. Keep. | S46: VERIFIED | T46: Toy drawer | U46: icon
A47: Bar 4 | B47: 34 | C47: Flyout | D47: ALT-7 | F47: Cross char utility | H47: Only the number is stored in the export | I47: =IFERROR(INDEX('Key reach tiers'!$B$2:$B$48,MATCH(D47,'Key reach tiers'!$A$2:$A$48,0)),3) -> 3 | J47: =IF(G47="","",2*I47+G47) | K47: Warband Bank Distance Inhibitor | L47: Item | M47: 216665 | N47: inv_cosmicvoid_orb | P47: CHANGE | Q47: FLYOUT 244 | R47: Your choice. Name and icon verified on Wowhead; the tooltip lists no use effect, so its behaviour is unverified. | S47: UNVERIFIED | T47: Flyout 244 | U47: icon
A48: Bar 4 | B48: 35 | C48: Spell | D48: ALT-8 | F48: Cross char utility | H48: Duplicate of slot 69 | I48: =IFERROR(INDEX('Key reach tiers'!$B$2:$B$48,MATCH(D48,'Key reach tiers'!$A$2:$A$48,0)),3) -> 3 | J48: =IF(G48="","",2*I48+G48) | K48: Teleport Home (housing) | L48: Spell | M48: 1233637 | N48: inv_misc_rune_01 | P48: CHANGE | Q48: Beast Lore | R48: Recommended: account-wide utility; only works for characters that own a home. | S48: VERIFIED | T48: Beast Lore | U48: icon
A49: Bar 4 | B49: 36 | C49: Empty | D49: ALT-9 | F49: Cross char utility | I49: =IFERROR(INDEX('Key reach tiers'!$B$2:$B$48,MATCH(D49,'Key reach tiers'!$A$2:$A$48,0)),3) -> 3 | J49: =IF(G49="","",2*I49+G49) | K49: Hero's Path: Midnight Season 2 (flyout 244) | L49: Flyout | M49: 244 | N49: inv_misc_questionmark | P49: NEW | R49: Recommended: kept from your bar, moved from slot 34; wago.tools shows ClassMask -1 (all classes). | S49: VERIFIED
A51: Totals: CHANGE 12, KEEP 35, NEW 1.
A52: Hero tree on this sheet: Pack Leader. Wowhead Mythic+ builds; Pack Leader chosen by you (and is Wowhead's (Best)).
A53: Talent string, Pack Leader (Wowhead Mythic+): C0PAAAAAAAAAAAAAAAAAAAAAAAMmxwCsBzwQDbAAYGPwMzsMzwMzMjZGMzYmhZGzMzYbmZYMDLDNDAAAAAAAAmHYMzAmZjAmFw2AwA (zero tree hash; in-game acceptance UNVERIFIED)
A54: Talent string, Dark Ranger (Wowhead Mythic+): C0PAAAAAAAAAAAAAAAAAAAAAAYzsNwAGwMsBZsAAgZGzMziZYGmxMjZmZYGzMjZmZsNzMMmhlhmBAAAAMDAAAzDMmZYmBEwsA2GAA (zero tree hash; in-game acceptance UNVERIFIED)

Sheet Hunter BM spells
A1: Rank (5 = most used) | B1: Spell | C1: Spell ID | D1: Category | E1: Tree | F1: Status | G1: Placed in slot(s) | H1: Note | I1: Icon file | J1: Wowhead link
A2: 5 | B2: Barbed Shot | C2: 217200 | D2: Attack/Heal | E2: spec | F2: VERIFIED | G2: 7 | H2: 2 charges; use before Bestial Wrath | I2: ability_hunter_barbedshot | J2: https://www.wowhead.com/spell=217200
A3: 5 | B3: Cobra Shot | C3: 193455 | D3: Attack/Heal | E3: spec | F3: VERIFIED | G3: 2, 6 | H3: 35 Focus filler | I3: ability_hunter_cobrashot | J3: https://www.wowhead.com/spell=193455
A4: 5 | B4: Kill Command | C4: 34026 | D4: Attack/Heal | E4: spec | F4: VERIFIED | G4: 5 | H4: 30 Focus, 5s CD; cast on Howl of the Pack Leader / Nature's Ally | I4: ability_hunter_killcommand | J4: https://www.wowhead.com/spell=34026
A5: 4 | B5: Bestial Wrath | C5: 19574 | D5: Burst | E5: spec | F5: VERIFIED | G5: 4, 65 | H5: Burst key SHIFT-R; Wowhead says use on cooldown | I5: ability_druid_ferociousbite | J5: https://www.wowhead.com/spell=19574
A6: 4 | B6: Black Arrow | C6: 466930 | D6: Attack/Heal | E6: hero:Dark Ranger | F6: VERIFIED | G6: not placed | H6: Dark Ranger only | I6: inv_ability_darkrangerhunter_blackarrow | J6: https://www.wowhead.com/spell=466930
A7: 4 | B7: Wild Thrash | C7: 1264359 | D7: Attack/Heal | E7: spec | F7: VERIFIED | G7: 3 | H7: AoE instant, triggers Beast Cleave | I7: ability_hunter_sickem | J7: https://www.wowhead.com/spell=1264359
A8: 3 | B8: Aspect of the Cheetah | C8: 186257 | D8: Mobility | E8: baseline | F8: VERIFIED | G8: 49 | I8: ability_mount_jungletiger | J8: https://www.wowhead.com/spell=186257
A9: 3 | B9: Counter Shot | C9: 147362 | D9: Crowd control | E9: class | F9: VERIFIED | G9: 50, 51, 59 | H9: Interrupt, 24s CD | I9: inv_ammo_arrow_03 | J9: https://www.wowhead.com/spell=147362
A10: 3 | B10: Disengage | C10: 781 | D10: Mobility | E10: baseline | F10: VERIFIED | G10: 52 | I10: ability_rogue_feint | J10: https://www.wowhead.com/spell=781
A11: 3 | B11: Growl | C11: 2649 | D11: Utility | E11: pet | F11: VERIFIED | G11: 9 | H11: Pet taunt. Counts as the V taunt for pet specs (user decision) | I11: ability_physical_taunt | J11: https://www.wowhead.com/spell=2649
A12: 3 | B12: Mend Pet | C12: 136 | D12: Attack/Heal | E12: baseline | F12: VERIFIED | G12: 1 | H12: Pet heal, used often | I12: ability_hunter_mendpet | J12: https://www.wowhead.com/spell=136
A13: 3 | B13: Misdirection | C13: 34477 | D13: Utility | E13: class | F13: VERIFIED | G13: 56 | H13: Sylvana uses TankMDaddon macro | I13: ability_hunter_misdirection | J13: https://www.wowhead.com/spell=34477
A14: 3 | B14: Wailing Arrow | C14: 355589 | D14: Attack/Heal | E14: hero:Dark Ranger | F14: VERIFIED | G14: not placed | H14: Dark Ranger only; 1 min CD, AoE silence. Three spell ids exist (354831/355589/355596); 355589 is the cast with Focus cost | I14: ability_theblackarrow | J14: https://www.wowhead.com/spell=355589
A15: 2 | B15: Aspect of the Turtle | C15: 186265 | D15: Defensive | E15: baseline | F15: VERIFIED | G15: 57 | I15: ability_hunter_pet_turtle | J15: https://www.wowhead.com/spell=186265
A16: 2 | B16: Binding Shot | C16: 109248 | D16: Crowd control | E16: class | F16: VERIFIED | G16: not placed | I16: spell_shaman_bindelemental | J16: https://www.wowhead.com/spell=109248
A17: 2 | B17: Exhilaration | C17: 109304 | D17: Defensive | E17: baseline | F17: VERIFIED | G17: 54 | I17: ability_hunter_onewithnature | J17: https://www.wowhead.com/spell=109304
A18: 2 | B18: Feign Death | C18: 5384 | D18: Utility | E18: baseline | F18: VERIFIED | G18: 63 | I18: ability_rogue_feigndeath | J18: https://www.wowhead.com/spell=5384
A19: 2 | B19: Freezing Trap | C19: 187650 | D19: Crowd control | E19: baseline | F19: VERIFIED | G19: 64 | H19: Macro 'Trap' casts at cursor | I19: spell_frost_chainsofice | J19: https://www.wowhead.com/spell=187650
A20: 2 | B20: Hunter's Mark | C20: 257284 | D20: Attack/Heal | E20: baseline | F20: VERIFIED | G20: 8 | H20: Sylvana: slot 1, key 1 | I20: ability_hunter_markedfordeath | J20: https://www.wowhead.com/spell=257284
A21: 2 | B21: Intimidation | C21: 19577 | D21: Crowd control | E21: class | F21: VERIFIED | G21: 60, 62 | H21: Stun, 1 min CD | I21: ability_devour | J21: https://www.wowhead.com/spell=19577
A22: 2 | B22: Multi-Shot | C22: 2643 | D22: Attack/Heal | E22: baseline | F22: UNVERIFIED | G22: not placed | H22: Not in the BM talent tree; present in Sylvana's macro 'MS'. Confirm it is castable on BM in 12.1.5 | I22: ability_upgrademoonglaive | J22: https://www.wowhead.com/spell=2643
A23: 2 | B23: Primal Rage | C23: 264667 | D23: Burst | E23: pet | F23: VERIFIED | G23: 67 | H23: 6 min CD pet Bloodlust, cast via [pet] macro | I23: spell_shadow_unholyfrenzy | J23: https://www.wowhead.com/spell=264667
A24: 2 | B24: Revive Pet | C24: 982 | D24: Utility | E24: baseline | F24: VERIFIED | G24: 68 | I24: ability_hunter_beastsoothe | J24: https://www.wowhead.com/spell=982
A25: 2 | B25: Survival of the Fittest | C25: 264735 | D25: Defensive | E25: class | F25: VERIFIED | G25: 53 | I25: spell_nature_spiritarmor | J25: https://www.wowhead.com/spell=264735
A26: 2 | B26: Tranquilizing Shot | C26: 19801 | D26: Utility | E26: class | F26: VERIFIED | G26: 61 | H26: Dispel enrage/magic | I26: spell_nature_drowsy | J26: https://www.wowhead.com/spell=19801
A27: 1 | B27: Arcane Shot | C27: 185358 | D27: Attack/Heal | E27: baseline | F27: UNVERIFIED | G27: not placed | H27: Not in BM priority; Sylvana has macro 'ArS' | I27: ability_impalingbolt | J27: https://www.wowhead.com/spell=185358
A28: 1 | B28: Beast Lore | C28: 1462 | D28: Utility | E28: baseline | F28: VERIFIED | G28: 69 | H28: Removed from Bar 4 (class specific) | I28: ability_physical_taunt | J28: https://www.wowhead.com/spell=1462
A29: 1 | B29: Call Pet 1 | C29: 883 | D29: Utility | E29: baseline | F29: VERIFIED | G29: not placed | I29: ability_hunter_beastcall | J29: https://www.wowhead.com/spell=883
A30: 1 | B30: Call of the Wild | C30: 359844 | D30: Burst | E30: unknown | F30: UNVERIFIED | G30: not placed | H30: Spell exists in DB but is not in the 12.1.5 BM talent tree | I30: ability_hunter_callofthewild | J30: https://www.wowhead.com/spell=359844
A31: 1 | B31: Camouflage | C31: 199483 | D31: Utility | E31: class | F31: VERIFIED | G31: not placed | I31: ability_hunter_camouflage | J31: https://www.wowhead.com/spell=199483
A32: 1 | B32: Concussive Shot | C32: 5116 | D32: Crowd control | E32: class | F32: VERIFIED | G32: not placed | I32: spell_frost_stun | J32: https://www.wowhead.com/spell=5116
A33: 1 | B33: Dismiss Pet | C33: 2641 | D33: Utility | E33: baseline | F33: VERIFIED | G33: not placed | I33: spell_nature_spiritwolf | J33: https://www.wowhead.com/spell=2641
A34: 1 | B34: Flare | C34: 1543 | D34: Utility | E34: baseline | F34: VERIFIED | G34: 55 | H34: Cursor macro FlareCursor | I34: spell_fire_flare | J34: https://www.wowhead.com/spell=1543
A35: 1 | B35: Implosive Trap | C35: 462031 | D35: Crowd control | E35: unknown | F35: UNVERIFIED | G35: not placed | H35: In Sylvana's macro 'IT' but not in the tree dump | I35: 6bf_explosive_shard | J35: https://www.wowhead.com/spell=462031
A36: 1 | B36: Kill Shot | C36: 53351 | D36: Attack/Heal | E36: talent (other spec?) | F36: UNVERIFIED | G36: not placed | H36: Not in the BM tree dump | I36: ability_hunter_assassinate2 | J36: https://www.wowhead.com/spell=53351
A37: 1 | B37: Roar of Sacrifice | C37: 53480 | D37: Defensive | E37: class choice | F37: VERIFIED | G37: not placed | H37: Choice node with Guardian's Hide | I37: ability_hunter_fervor | J37: https://www.wowhead.com/spell=53480
A38: 1 | B38: Scare Beast | C38: 1513 | D38: Crowd control | E38: class choice | F38: VERIFIED | G38: not placed | H38: Choice node with Tar Trap | I38: ability_druid_cower | J38: https://www.wowhead.com/spell=1513
A39: 1 | B39: Steady Shot | C39: 56641 | D39: Attack/Heal | E39: baseline | F39: VERIFIED | G39: not placed | H39: In Sylvana's hidden bar slot 127 | I39: ability_hunter_steadyshot | J39: https://www.wowhead.com/spell=56641
A40: 1 | B40: Tame Beast | C40: 1515 | D40: Utility | E40: baseline | F40: VERIFIED | G40: 10 | H40: Sylvana has tame macros | I40: ability_hunter_beasttaming | J40: https://www.wowhead.com/spell=1515
A41: 1 | B41: Tar Trap | C41: 187698 | D41: Crowd control | E41: class choice | F41: VERIFIED | G41: not placed | H41: Choice node with Scare Beast | I41: spell_yorsahj_bloodboil_black | J41: https://www.wowhead.com/spell=187698

Sheet Hunter - Marksmanship
A1: Bar | B1: Slot | C1: Type | D1: Key 1 | E1: Key 2 | F1: keys reserved for | G1: Importance of slots | H1: Input notes (xlsx Details) | I1: Key reach tier | J1: Priority score | K1: Recommended action | L1: Placed as | M1: ID / macro id | N1: Icon file | O1: Spell rank (1-5) | P1: vs Beast Mastery | Q1: Beast Mastery has | R1: Reason | S1: Status | T1: xlsx spell (unreliable) | U1: Icon link
A2: Bar 1 | B2: 1 | C2: Spell | D2: 1 | F2: Attack/Heal | G2: 2 | H2: Beast Cleave | I2: =IFERROR(INDEX('Key reach tiers'!$B$2:$B$48,MATCH(D2,'Key reach tiers'!$A$2:$A$48,0)),3) -> 1 | J2: =IF(G2="","",2*I2+G2) -> 4 | K2: Mend Pet | L2: Spell | M2: 136 | N2: ability_hunter_mendpet | O2: 2 | P2: SAME | Q2: Mend Pet | R2: Same as Beast Mastery. | S2: VERIFIED | T2: Multi-Shot | U2: icon
A3: Bar 1 | B3: 2 | C3: Spell | D3: 2 | F3: Attack/Heal | G3: 1 | I3: =IFERROR(INDEX('Key reach tiers'!$B$2:$B$48,MATCH(D3,'Key reach tiers'!$A$2:$A$48,0)),3) -> 1 | J3: =IF(G3="","",2*I3+G3) -> 3 | K3: Rapid Fire | L3: Spell | M3: 257044 | N3: ability_hunter_efficiency | O3: 5 | P3: DIFFERENT | Q3: Cobra Shot macro 'Cobra' | R3: Rank 5, on cooldown; R is reach 1 and importance 1. | S3: VERIFIED | T3: Kill Command | U3: icon
A4: Bar 1 | B4: 3 | C4: Spell | D4: 3 | F4: Attack/Heal | G4: 1 | I4: =IFERROR(INDEX('Key reach tiers'!$B$2:$B$48,MATCH(D4,'Key reach tiers'!$A$2:$A$48,0)),3) -> 1 | J4: =IF(G4="","",2*I4+G4) -> 3 | K4: Multi-Shot macro 'MS' | L4: Macro | M4: 133 | N4: ability_upgrademoonglaive | O4: 4 | P4: DIFFERENT | Q4: Wild Thrash macro 'Wild' | R4: Same job as Wild Thrash in BM: the AoE button on key 3. Macro sends the pet in first. | S4: VERIFIED | T4: Barbed Shot | U4: icon
A5: Bar 1 | B5: 4 | C5: Spell | D5: 4 | F5: Attack/Heal | G5: 2 | H5: From your BM bar | I5: =IFERROR(INDEX('Key reach tiers'!$B$2:$B$48,MATCH(D5,'Key reach tiers'!$A$2:$A$48,0)),3) -> 1 | J5: =IF(G5="","",2*I5+G5) -> 4 | K5: Explosive Shot | L5: Spell | M5: 212431 | N5: ability_hunter_explosiveshot | O5: 4 | P5: DIFFERENT | Q5: Bestial Wrath macro 'BW' | R5: Rank 4, on cooldown. Takes the slot BM uses for its cooldown button (Bestial Wrath). | S5: VERIFIED | T5: Wild Thrash | U5: icon
A6: Bar 1 | B6: 5 | C6: Spell | D6: R | F6: Attack/Heal | G6: 1 | I6: =IFERROR(INDEX('Key reach tiers'!$B$2:$B$48,MATCH(D6,'Key reach tiers'!$A$2:$A$48,0)),3) -> 1 | J6: =IF(G6="","",2*I6+G6) -> 3 | K6: Aimed Shot macro 'AS' | L6: Macro | M6: 124 | N6: 8026692 | O6: 5 | P6: DIFFERENT | Q6: Kill Command macro 'KC' | R6: Rank 5, cast on cooldown; first attack slot on an importance-1 key (BM has its main filler here). Macro keeps Aimed Shot from cancelling Rapid Fire. | S6: VERIFIED | T6: Cobra Shot | U6: icon
A7: Bar 1 | B7: 6 | C7: Spell | D7: F | F7: Attack/Heal | G7: 2 | H7: AoE opener | I7: =IFERROR(INDEX('Key reach tiers'!$B$2:$B$48,MATCH(D7,'Key reach tiers'!$A$2:$A$48,0)),3) -> 1 | J7: =IF(G7="","",2*I7+G7) -> 4 | K7: Steady Shot | L7: Spell | M7: 56641 | N7: ability_hunter_steadyshot | O7: 4 | P7: DIFFERENT | Q7: Cobra Shot macro 'Cobra' | R7: Filler on F, like Cobra Shot in BM (rank 4, castable on the move). | S7: VERIFIED | T7: Dire Beast | U7: icon
A8: Bar 1 | B8: 7 | C8: Spell | D8: BUTTON4 | F8: Attack/Heal | G8: 1 | H8: Dark Ranger | I8: =IFERROR(INDEX('Key reach tiers'!$B$2:$B$48,MATCH(D8,'Key reach tiers'!$A$2:$A$48,0)),3) -> 1 | J8: =IF(G8="","",2*I8+G8) -> 3 | K8: Arcane Shot macro 'ArS' | L8: Macro | M8: 123 | N8: ability_impalingbolt | O8: 5 | P8: DIFFERENT | Q8: Barbed Shot macro 'Barbed' | R8: Rank 5 Precise Shots spender on the thumb button; macro avoids cancelling Rapid Fire. | S8: VERIFIED | T8: Black Arrow | U8: icon
A9: Bar 1 | B9: 8 | C9: Spell | D9: SHIFT-BUTTON4 | F9: Attack/Heal | G9: 2 | I9: =IFERROR(INDEX('Key reach tiers'!$B$2:$B$48,MATCH(D9,'Key reach tiers'!$A$2:$A$48,0)),3) -> 2 | J9: =IF(G9="","",2*I9+G9) -> 6 | K9: Hunter's Mark | L9: Spell | M9: 257284 | N9: ability_hunter_markedfordeath | O9: 2 | P9: SAME | Q9: Hunter's Mark | R9: Same as Beast Mastery. | S9: VERIFIED | T9: Hunter's Mark | U9: icon
A10: Bar 1 | B10: 9 | C10: Spell | D10: V | F10: Utility | G10: 3 | I10: =IFERROR(INDEX('Key reach tiers'!$B$2:$B$48,MATCH(D10,'Key reach tiers'!$A$2:$A$48,0)),3) -> 2 | J10: =IF(G10="","",2*I10+G10) -> 7 | K10: Growl macro 'Growl' | L10: Macro | M10: 16 | N10: ability_physical_taunt | O10: 2 | P10: SAME | Q10: Growl macro 'Growl' | R10: Same as Beast Mastery. | S10: VERIFIED | T10: Tranquilizing Shot | U10: icon
A11: Bar 1 | B11: 10 | C11: Spell | D11: SHIFT-V | F11: Utility | G11: 3 | I11: =IFERROR(INDEX('Key reach tiers'!$B$2:$B$48,MATCH(D11,'Key reach tiers'!$A$2:$A$48,0)),3) -> 3 | J11: =IF(G11="","",2*I11+G11) -> 9 | K11: Tame Beast macro 'tame' | L11: Macro | M11: 27 | N11: ability_hunter_beasttaming | O11: 1 | P11: SAME | Q11: Tame Beast macro 'tame' | R11: Same as Beast Mastery. | S11: VERIFIED | T11: Misdirection | U11: icon
A12: Bar 1 | B12: 11 | C12: Item | D12: ALT-MOUSEWHEELUP | F12: Utility | G12: 3 | H12: Unchanged from your BM bar | I12: =IFERROR(INDEX('Key reach tiers'!$B$2:$B$48,MATCH(D12,'Key reach tiers'!$A$2:$A$48,0)),3) -> 3 | J12: =IF(G12="","",2*I12+G12) -> 9 | K12: Interdimensional Companion Repository | L12: Item | M12: 153510 | N12: inv_eng_interdimensionalcompanionrepository | P12: SAME | Q12: Interdimensional Companion Repository | R12: Same as Beast Mastery. | S12: VERIFIED | T12: Item 153510 | U12: icon
A13: Bar 1 | B13: 12 | C13: Item | D13: ALT-MOUSEWHEELDOWN | F13: Utility | G13: 3 | I13: =IFERROR(INDEX('Key reach tiers'!$B$2:$B$48,MATCH(D13,'Key reach tiers'!$A$2:$A$48,0)),3) -> 3 | J13: =IF(G13="","",2*I13+G13) -> 9 | K13: Healthstone | L13: Item | M13: 5512 | N13: warlock_-healthstone | P13: SAME | Q13: Healthstone | R13: Same as Beast Mastery. | S13: VERIFIED | T13: Healthstone | U13: icon
A14: Bar 2 | B14: 61 | C14: Spell | D14: SHIFT-MOUSEWHEELUP | F14: Utility | G14: 3 | I14: =IFERROR(INDEX('Key reach tiers'!$B$2:$B$48,MATCH(D14,'Key reach tiers'!$A$2:$A$48,0)),3) -> 2 | J14: =IF(G14="","",2*I14+G14) -> 7 | K14: Tranquilizing Shot | L14: Spell | M14: 19801 | N14: spell_nature_drowsy | O14: 1 | P14: SAME | Q14: Tranquilizing Shot | R14: Same as Beast Mastery. | S14: VERIFIED | T14: Flare | U14: icon
A15: Bar 2 | B15: 62 | C15: Spell | D15: C | E15: F9 | F15: Crowd control | G15: 3 | I15: =IFERROR(INDEX('Key reach tiers'!$B$2:$B$48,MATCH(D15,'Key reach tiers'!$A$2:$A$48,0)),3) -> 2 | J15: =IF(G15="","",2*I15+G15) -> 7 | K15: Intimidation macro 'Kick2' | L15: Macro | M15: 18 | N15: artifactability_survivalhunter_eaglesbite | O15: 2 | P15: SAME | Q15: Intimidation macro 'Kick2' | R15: Same as Beast Mastery. | S15: VERIFIED | T15: Binding Shot | U15: icon
A16: Bar 2 | B16: 63 | C16: Spell | D16: T | F16: Utility | G16: 3 | I16: =IFERROR(INDEX('Key reach tiers'!$B$2:$B$48,MATCH(D16,'Key reach tiers'!$A$2:$A$48,0)),3) -> 2 | J16: =IF(G16="","",2*I16+G16) -> 7 | K16: Feign Death | L16: Spell | M16: 5384 | N16: ability_rogue_feigndeath | O16: 2 | P16: SAME | Q16: Feign Death | R16: Same as Beast Mastery. | S16: VERIFIED | T16: Camouflage | U16: icon
A17: Bar 2 | B17: 64 | C17: Spell | D17: SHIFT-C | F17: Crowd control | G17: 3 | I17: =IFERROR(INDEX('Key reach tiers'!$B$2:$B$48,MATCH(D17,'Key reach tiers'!$A$2:$A$48,0)),3) -> 3 | J17: =IF(G17="","",2*I17+G17) -> 9 | K17: Freezing Trap macro 'Trap' | L17: Macro | M17: 31 | N17: spell_frost_chainsofice | O17: 2 | P17: SAME | Q17: Freezing Trap macro 'Trap' | R17: Same as Beast Mastery. | S17: VERIFIED | T17: Freezing Trap | U17: icon
A18: Bar 2 | B18: 65 | C18: Spell | D18: SHIFT-R | F18: Burst | G18: 3 | H18: With racials, trinkets, potion | I18: =IFERROR(INDEX('Key reach tiers'!$B$2:$B$48,MATCH(D18,'Key reach tiers'!$A$2:$A$48,0)),3) -> 2 | J18: =IF(G18="","",2*I18+G18) -> 7 | K18: Trueshot macro 'TS' | L18: Macro | M18: 34 | N18: ability_trueshot | O18: 4 | P18: DIFFERENT | Q18: Bestial Wrath macro 'BW' | R18: Rule: SHIFT-R is Burst. New macro: Trueshot plus both trinkets, no racials so it works for any race. | S18: VERIFIED | T18: Bestial Wrath | U18: icon
A19: Bar 2 | B19: 66 | C19: Spell | D19: SHIFT-F | F19: Burst | G19: 3 | I19: =IFERROR(INDEX('Key reach tiers'!$B$2:$B$48,MATCH(D19,'Key reach tiers'!$A$2:$A$48,0)),3) -> 2 | J19: =IF(G19="","",2*I19+G19) -> 7 | K19: Volley | L19: Spell | M19: 260243 | N19: ability_hunter_rapidkilling | O19: 4 | P19: DIFFERENT | Q19: (open) | R19: Rank 4 on-cooldown big hit; the only free Burst-reserved key left. BM leaves this slot open. | S19: VERIFIED | T19: Call of the Wild | U19: icon
A20: Bar 2 | B20: 67 | C20: Spell | D20: Z | F20: Burst | G20: 3 | I20: =IFERROR(INDEX('Key reach tiers'!$B$2:$B$48,MATCH(D20,'Key reach tiers'!$A$2:$A$48,0)),3) -> 2 | J20: =IF(G20="","",2*I20+G20) -> 7 | K20: Moonlight Chakram | L20: Spell | M20: 1264902 | N20: inv_ability_hunter_deathchakram | O20: 3 | P20: DIFFERENT | Q20: Primal Rage macro 'SX' | R20: Sentinel hero ability, cast with Trueshot. Replaces Primal Rage, which MM rarely needs. | S20: VERIFIED | T20: Bloodshed | U20: icon
A21: Bar 2 | B21: 68 | C21: Spell | D21: X | F21: Utility | G21: 3 | I21: =IFERROR(INDEX('Key reach tiers'!$B$2:$B$48,MATCH(D21,'Key reach tiers'!$A$2:$A$48,0)),3) -> 2 | J21: =IF(G21="","",2*I21+G21) -> 7 | K21: Revive Pet | L21: Spell | M21: 982 | N21: ability_hunter_beastsoothe | O21: 2 | P21: SAME | Q21: Revive Pet | R21: Same as Beast Mastery. | S21: VERIFIED | T21: Tar Trap | U21: icon
A22: Bar 2 | B22: 69 | C22: Spell | F22: Utility | G22: 3 | I22: =IFERROR(INDEX('Key reach tiers'!$B$2:$B$48,MATCH(D22,'Key reach tiers'!$A$2:$A$48,0)),3) -> 3 | J22: =IF(G22="","",2*I22+G22) -> 9 | K22: Beast Lore | L22: Spell | M22: 1462 | N22: ability_physical_taunt | O22: 1 | P22: SAME | Q22: Beast Lore | R22: Same as Beast Mastery. | S22: VERIFIED | T22: Intimidation | U22: icon
A23: Bar 2 | B23: 70 | C23: Item | D23: 6 | F23: Utility | G23: 3 | H23: Unchanged from your BM bar | I23: =IFERROR(INDEX('Key reach tiers'!$B$2:$B$48,MATCH(D23,'Key reach tiers'!$A$2:$A$48,0)),3) -> 2 | J23: =IF(G23="","",2*I23+G23) -> 7 | K23: Voracious Heart of Ula'tek (trinket) | L23: Item | M23: 270175 | N23: inv_121_trinket_raid_ulatek_heart | P23: SAME | Q23: Voracious Heart of Ula'tek (trinket) | R23: Same as Beast Mastery. | S23: VERIFIED | T23: Item 270175 | U23: icon
A24: Bar 2 | B24: 71 | C24: Macro | D24: F10 | F24: Utility | G24: 2 | H24: Your pReck macro (Potion of Recklessness for DPS; use a role-appropriate potion on tank/healer) | I24: =IFERROR(INDEX('Key reach tiers'!$B$2:$B$48,MATCH(D24,'Key reach tiers'!$A$2:$A$48,0)),3) -> 1 | J24: =IF(G24="","",2*I24+G24) -> 4 | K24: Potion macro 'pReck' | L24: Macro | M24: 21 | N24: inv_misc_questionmark | P24: SAME | Q24: Potion macro 'pReck' | R24: Same as Beast Mastery. | S24: VERIFIED | T24: Combat potion
A25: Bar 2 | B25: 72 | C25: Macro | D25: F11 | F25: Utility | G25: 2 | H25: Your pHealth macro | I25: =IFERROR(INDEX('Key reach tiers'!$B$2:$B$48,MATCH(D25,'Key reach tiers'!$A$2:$A$48,0)),3) -> 1 | J25: =IF(G25="","",2*I25+G25) -> 4 | K25: Potion macro 'pHealth' | L25: Macro | M25: 19 | N25: inv_misc_questionmark | P25: SAME | Q25: Potion macro 'pHealth' | R25: Same as Beast Mastery. | S25: VERIFIED | T25: Health potion, then Healthstone
A26: Bar 3 | B26: 49 | C26: Spell | D26: MOUSEWHEELUP | F26: Mobility | G26: 2 | I26: =IFERROR(INDEX('Key reach tiers'!$B$2:$B$48,MATCH(D26,'Key reach tiers'!$A$2:$A$48,0)),3) -> 1 | J26: =IF(G26="","",2*I26+G26) -> 4 | K26: Aspect of the Cheetah | L26: Spell | M26: 186257 | N26: ability_mount_jungletiger | O26: 3 | P26: SAME | Q26: Aspect of the Cheetah | R26: Same as Beast Mastery. | S26: VERIFIED | T26: Aspect of the Cheetah | U26: icon
A27: Bar 3 | B27: 50 | C27: Spell | D27: BUTTON5 | F27: Crowd control | G27: 2 | H27: Interrupt | I27: =IFERROR(INDEX('Key reach tiers'!$B$2:$B$48,MATCH(D27,'Key reach tiers'!$A$2:$A$48,0)),3) -> 1 | J27: =IF(G27="","",2*I27+G27) -> 4 | K27: Counter Shot | L27: Spell | M27: 147362 | N27: inv_ammo_arrow_03 | O27: 3 | P27: SAME | Q27: Counter Shot | R27: Same as Beast Mastery. | S27: VERIFIED | T27: Counter Shot | U27: icon
A28: Bar 3 | B28: 51 | C28: Macro (new) | D28: SHIFT-BUTTON5 | F28: Crowd control | G28: 2 | H28: #showtooltip Counter Shot / cast [@focus,exists,harm,nodead] Counter Shot | I28: =IFERROR(INDEX('Key reach tiers'!$B$2:$B$48,MATCH(D28,'Key reach tiers'!$A$2:$A$48,0)),3) -> 2 | J28: =IF(G28="","",2*I28+G28) -> 6 | K28: Counter Shot macro 'CSFocus' | L28: Macro | M28: 10 | N28: inv_ammo_arrow_03 | O28: 3 | P28: SAME | Q28: Counter Shot macro 'CSFocus' | R28: Same as Beast Mastery. | S28: VERIFIED | T28: Counter Shot on focus | U28: icon
A29: Bar 3 | B29: 52 | C29: Spell | D29: MOUSEWHEELDOWN | F29: Mobility | G29: 2 | I29: =IFERROR(INDEX('Key reach tiers'!$B$2:$B$48,MATCH(D29,'Key reach tiers'!$A$2:$A$48,0)),3) -> 1 | J29: =IF(G29="","",2*I29+G29) -> 4 | K29: Disengage | L29: Spell | M29: 781 | N29: ability_rogue_feint | O29: 3 | P29: SAME | Q29: Disengage | R29: Same as Beast Mastery. | S29: VERIFIED | T29: Aspect of the Turtle | U29: icon
A30: Bar 3 | B30: 53 | C30: Spell | D30: A | F30: Defensive | G30: 2 | I30: =IFERROR(INDEX('Key reach tiers'!$B$2:$B$48,MATCH(D30,'Key reach tiers'!$A$2:$A$48,0)),3) -> 1 | J30: =IF(G30="","",2*I30+G30) -> 4 | K30: Survival of the Fittest | L30: Spell | M30: 264735 | N30: spell_nature_spiritarmor | O30: 2 | P30: SAME | Q30: Survival of the Fittest | R30: Same as Beast Mastery. | S30: VERIFIED | T30: Exhilaration | U30: icon
A31: Bar 3 | B31: 54 | C31: Spell | D31: D | F31: Defensive | G31: 2 | I31: =IFERROR(INDEX('Key reach tiers'!$B$2:$B$48,MATCH(D31,'Key reach tiers'!$A$2:$A$48,0)),3) -> 1 | J31: =IF(G31="","",2*I31+G31) -> 4 | K31: Exhilaration | L31: Spell | M31: 109304 | N31: ability_hunter_onewithnature | O31: 2 | P31: SAME | Q31: Exhilaration | R31: Same as Beast Mastery. | S31: VERIFIED | T31: Survival of the Fittest | U31: icon
A32: Bar 3 | B32: 55 | C32: Spell | D32: SHIFT-A | F32: Utility | G32: 3 | I32: =IFERROR(INDEX('Key reach tiers'!$B$2:$B$48,MATCH(D32,'Key reach tiers'!$A$2:$A$48,0)),3) -> 3 | J32: =IF(G32="","",2*I32+G32) -> 9 | K32: Kill Shot | L32: Spell | M32: 53351 | N32: ability_hunter_assassinate2 | O32: 3 | P32: DIFFERENT | Q32: Flare | R32: Rank 3 execute spender. Exception: an attack spell in a Utility slot, because slots 1-8 are full; replaces BM's Flare. | S32: VERIFIED | T32: Mend Pet | U32: icon
A33: Bar 3 | B33: 56 | C33: Spell | D33: SHIFT-D | F33: Utility | G33: 2 | I33: =IFERROR(INDEX('Key reach tiers'!$B$2:$B$48,MATCH(D33,'Key reach tiers'!$A$2:$A$48,0)),3) -> 2 | J33: =IF(G33="","",2*I33+G33) -> 6 | K33: Misdirection macro 'TankMDaddon' | L33: Macro | M33: 29 | N33: ability_hunter_misdirection | O33: 3 | P33: SAME | Q33: Misdirection macro 'TankMDaddon' | R33: Same as Beast Mastery. | S33: VERIFIED | T33: Feign Death | U33: icon
A34: Bar 3 | B34: 57 | C34: Spell | D34: SHIFT-MOUSEWHEELDOWN | F34: Defensive | G34: 2 | I34: =IFERROR(INDEX('Key reach tiers'!$B$2:$B$48,MATCH(D34,'Key reach tiers'!$A$2:$A$48,0)),3) -> 2 | J34: =IF(G34="","",2*I34+G34) -> 6 | K34: Aspect of the Turtle macro 'Turtle' | L34: Macro | M34: 32 | N34: ability_hunter_pet_turtle | O34: 2 | P34: SAME | Q34: Aspect of the Turtle macro 'Turtle' | R34: Same as Beast Mastery. | S34: VERIFIED | T34: Disengage | U34: icon
A35: Bar 3 | B35: 58 | C35: Spell | F35: Utility | G35: 3 | I35: =IFERROR(INDEX('Key reach tiers'!$B$2:$B$48,MATCH(D35,'Key reach tiers'!$A$2:$A$48,0)),3) -> 3 | J35: =IF(G35="","",2*I35+G35) -> 9 | K35: Call Pet flyout (flyout 9) | L35: Flyout | M35: 9 | N35: ability_hunter_beastcall | P35: SAME | Q35: Call Pet flyout (flyout 9) | R35: Same as Beast Mastery. | S35: VERIFIED | T35: Primal Rage | U35: icon
A36: Bar 3 | B36: 59 | C36: Macro (new) | D36: SHIFT-F10 | F36: Utility | G36: 3 | H36: #showtooltip Counter Shot / cleartarget / targetenemy / cast Counter Shot / targetlasttarget | I36: =IFERROR(INDEX('Key reach tiers'!$B$2:$B$48,MATCH(D36,'Key reach tiers'!$A$2:$A$48,0)),3) -> 2 | J36: =IF(G36="","",2*I36+G36) -> 7 | K36: Counter Shot macro 'AutoKick' | L36: Macro | M36: 5 | N36: inv_ammo_arrow_03 | O36: 3 | P36: SAME | Q36: Counter Shot macro 'AutoKick' | R36: Same as Beast Mastery. | S36: VERIFIED | T36: Counter Shot on tab target | U36: icon
A37: Bar 3 | B37: 60 | C37: Spell | D37: SHIFT-F11 | F37: Utility | G37: 3 | I37: =IFERROR(INDEX('Key reach tiers'!$B$2:$B$48,MATCH(D37,'Key reach tiers'!$A$2:$A$48,0)),3) -> 2 | J37: =IF(G37="","",2*I37+G37) -> 7 | K37: Intimidation macro 'AutoKick2' | L37: Macro | M37: 6 | N37: artifactability_survivalhunter_eaglesbite | O37: 2 | P37: SAME | Q37: Intimidation macro 'AutoKick2' | R37: Same as Beast Mastery. | S37: VERIFIED | T37: Revive Pet | U37: icon
A38: Bar 4 | B38: 25 | C38: Item | D38: ALT-0 | F38: Cross char utility | H38: Name not resolved | I38: =IFERROR(INDEX('Key reach tiers'!$B$2:$B$48,MATCH(D38,'Key reach tiers'!$A$2:$A$48,0)),3) -> 3 | J38: =IF(G38="","",2*I38+G38) | K38: Corewarden's Hearthstone | L38: Item | M38: 265100 | N38: inv_cosmicvoid_groundsate | P38: SAME | Q38: Corewarden's Hearthstone | R38: Same as Beast Mastery. | S38: VERIFIED | T38: Item 265100 | U38: icon
A39: Bar 4 | B39: 26 | C39: Item | D39: ALT-1 | F39: Cross char utility | H39: Item 140192 | I39: =IFERROR(INDEX('Key reach tiers'!$B$2:$B$48,MATCH(D39,'Key reach tiers'!$A$2:$A$48,0)),3) -> 3 | J39: =IF(G39="","",2*I39+G39) | K39: Dalaran Hearthstone | L39: Item | M39: 140192 | N39: inv_misc_rune_15 | P39: SAME | Q39: Dalaran Hearthstone | R39: Same as Beast Mastery. | S39: VERIFIED | T39: Dalaran Hearthstone | U39: icon
A40: Bar 4 | B40: 27 | C40: Item | D40: ALT-2 | F40: Cross char utility | H40: Name not resolved | I40: =IFERROR(INDEX('Key reach tiers'!$B$2:$B$48,MATCH(D40,'Key reach tiers'!$A$2:$A$48,0)),3) -> 3 | J40: =IF(G40="","",2*I40+G40) | K40: Personal Key to the Arcantina | L40: Item | M40: 253629 | N40: inv_12_-arcantina_key | P40: SAME | Q40: Personal Key to the Arcantina | R40: Same as Beast Mastery. | S40: VERIFIED | T40: Item 253629 | U40: icon
A41: Bar 4 | B41: 28 | C41: Mount | D41: ALT-3 | F41: Cross char utility | H41: Mount ID 460 | I41: =IFERROR(INDEX('Key reach tiers'!$B$2:$B$48,MATCH(D41,'Key reach tiers'!$A$2:$A$48,0)),3) -> 2 | J41: =IF(G41="","",2*I41+G41) | K41: Mount: Grand Expedition Yak | L41: Mount | M41: 460 | N41: ability_mount_yak | P41: SAME | Q41: Mount: Grand Expedition Yak | R41: Same as Beast Mastery. | S41: VERIFIED | T41: Grand Expedition Yak | U41: icon
A42: Bar 4 | B42: 29 | C42: Mount | D42: ALT-4 | F42: Cross char utility | H42: Name not resolved | I42: =IFERROR(INDEX('Key reach tiers'!$B$2:$B$48,MATCH(D42,'Key reach tiers'!$A$2:$A$48,0)),3) -> 2 | J42: =IF(G42="","",2*I42+G42) | K42: Mount: Trader's Gilded Brutosaur | L42: Mount | M42: 2265 | N42: ability_mount_mammoth_brown | P42: SAME | Q42: Mount: Trader's Gilded Brutosaur | R42: Same as Beast Mastery. | S42: VERIFIED | T42: Mount ID 2265 | U42: icon
A43: Bar 4 | B43: 30 | C43: Macro (blank name) | D43: ALT-SHIFT-3 | F43: Cross char utility | H43: Dragonriding mount-up; dismounts if mounted | I43: =IFERROR(INDEX('Key reach tiers'!$B$2:$B$48,MATCH(D43,'Key reach tiers'!$A$2:$A$48,0)),3) -> 2 | J43: =IF(G43="","",2*I43+G43) | K43: Soar mount-up macro (macro 1) | L43: Macro | M43: 1 | N43: ability_dragonriding_forwardflap01 | P43: SAME | Q43: Soar mount-up macro (macro 1) | R43: Same as Beast Mastery. | S43: VERIFIED | T43: Soar | U43: icon
A44: Bar 4 | B44: 31 | C44: Companion | D44: ALT-SHIFT-4 | F44: Cross char utility | H44: Name not resolved | I44: =IFERROR(INDEX('Key reach tiers'!$B$2:$B$48,MATCH(D44,'Key reach tiers'!$A$2:$A$48,0)),3) -> 2 | J44: =IF(G44="","",2*I44+G44) | K44: Companion: Tuskarr Hermit Crab | L44: Companion | M44: 1293028 | N44: inv_misc_questionmark | P44: SAME | Q44: Companion: Tuskarr Hermit Crab | R44: Same as Beast Mastery. | S44: VERIFIED | T44: Companion ID 1293028
A45: Bar 4 | B45: 32 | C45: Macro: portions | D45: ALT-5 | F45: Cross char utility | H45: Plumber drawer, 5 potions | I45: =IFERROR(INDEX('Key reach tiers'!$B$2:$B$48,MATCH(D45,'Key reach tiers'!$A$2:$A$48,0)),3) -> 3 | J45: =IF(G45="","",2*I45+G45) | K45: Potion drawer macro 'portions' | L45: Macro | M45: 20 | N45: inv_potion_54 | P45: SAME | Q45: Potion drawer macro 'portions' | R45: Same as Beast Mastery. | S45: VERIFIED | T45: Potion drawer | U45: icon
A46: Bar 4 | B46: 33 | C46: Macro: toys | D46: ALT-6 | F46: Cross char utility | H46: Plumber drawer, 7 toys | I46: =IFERROR(INDEX('Key reach tiers'!$B$2:$B$48,MATCH(D46,'Key reach tiers'!$A$2:$A$48,0)),3) -> 3 | J46: =IF(G46="","",2*I46+G46) | K46: Toy drawer macro 'toys' | L46: Macro | M46: 30 | N46: inv_misc_toy_07 | P46: SAME | Q46: Toy drawer macro 'toys' | R46: Same as Beast Mastery. | S46: VERIFIED | T46: Toy drawer | U46: icon
A47: Bar 4 | B47: 34 | C47: Flyout | D47: ALT-7 | F47: Cross char utility | H47: Only the number is stored in the export | I47: =IFERROR(INDEX('Key reach tiers'!$B$2:$B$48,MATCH(D47,'Key reach tiers'!$A$2:$A$48,0)),3) -> 3 | J47: =IF(G47="","",2*I47+G47) | K47: Warband Bank Distance Inhibitor | L47: Item | M47: 216665 | N47: inv_cosmicvoid_orb | P47: SAME | Q47: Warband Bank Distance Inhibitor | R47: Same as Beast Mastery. | S47: UNVERIFIED | T47: Flyout 244 | U47: icon
A48: Bar 4 | B48: 35 | C48: Spell | D48: ALT-8 | F48: Cross char utility | H48: Duplicate of slot 69 | I48: =IFERROR(INDEX('Key reach tiers'!$B$2:$B$48,MATCH(D48,'Key reach tiers'!$A$2:$A$48,0)),3) -> 3 | J48: =IF(G48="","",2*I48+G48) | K48: Teleport Home (housing) | L48: Spell | M48: 1233637 | N48: inv_misc_rune_01 | P48: SAME | Q48: Teleport Home (housing) | R48: Same as Beast Mastery. | S48: VERIFIED | T48: Beast Lore | U48: icon
A49: Bar 4 | B49: 36 | C49: Empty | D49: ALT-9 | F49: Cross char utility | I49: =IFERROR(INDEX('Key reach tiers'!$B$2:$B$48,MATCH(D49,'Key reach tiers'!$A$2:$A$48,0)),3) -> 3 | J49: =IF(G49="","",2*I49+G49) | K49: Hero's Path: Midnight Season 2 (flyout 244) | L49: Flyout | M49: 244 | N49: inv_misc_questionmark | P49: SAME | Q49: Hero's Path: Midnight Season 2 (flyout 244) | R49: Same as Beast Mastery. | S49: VERIFIED
A51: Totals: SAME 38, DIFFERENT 10.
A52: Hero tree on this sheet: Sentinel. Wowhead Mythic+ builds. Sentinel is marked (Best).
A53: Talent string, Sentinel (Wowhead Mythic+): C4PAAAAAAAAAAAAAAAAAAAAAAwGMwMGzYZAMD2AAAAAAAAAzYmZGbzYmZMDLjpZMYW22mZmZmZmZmFmZZYGAAAPwYMAMTbgBYjZ2mxA (zero tree hash; in-game acceptance UNVERIFIED)
A54: Talent string, Dark Ranger (Wowhead Mythic+): C4PAAAAAAAAAAAAAAAAAAAAAAYzsMwAmgZYbAzCAAAAAAAAYGzMzYbGzMjZYZMNjBzymZMzMzMzMLMzywMAAAegxYmZmBEwAsxMbzYA (zero tree hash; in-game acceptance UNVERIFIED)
A55: If you switch to Dark Ranger: slot 67 becomes Black Arrow

Sheet Hunter MM spells
A1: Rank (5 = most used) | B1: Spell | C1: Spell ID | D1: Category | E1: Tree | F1: Status | G1: Placed in slot(s) | H1: Note | I1: Icon file | J1: Wowhead link
A2: 5 | B2: Aimed Shot | C2: 19434 | D2: Attack/Heal | E2: spec | F2: VERIFIED | G2: 5 | H2: Cast on cooldown; every cast grants Precise Shots (Wowhead MM rotation). The AS macro stops it cancelling Rapid Fire. | I2: 8026692 | J2: https://www.wowhead.com/spell=19434
A3: 5 | B3: Arcane Shot | C3: 185358 | D3: Attack/Heal | E3: baseline | F3: VERIFIED | G3: 7 | H3: Single-target Precise Shots spender; the ArS macro avoids cancelling Rapid Fire. | I3: ability_impalingbolt | J3: https://www.wowhead.com/spell=185358
A4: 5 | B4: Black Arrow | C4: 466932 | D4: Attack/Heal | E4: hero:Dark Ranger | F4: VERIFIED | G4: not placed | H4: Precise Shots spender for Dark Ranger. Guide id 466932. | I4: inv_ability_darkrangerhunter_blackarrow | J4: https://www.wowhead.com/spell=466932
A5: 5 | B5: Rapid Fire | C5: 257044 | D5: Attack/Heal | E5: spec | F5: VERIFIED | G5: 2 | H5: Cast on cooldown; also grants Precise Shots. | I5: ability_hunter_efficiency | J5: https://www.wowhead.com/spell=257044
A6: 4 | B6: Explosive Shot | C6: 212431 | D6: Attack/Heal | E6: spec | F6: VERIFIED | G6: 4 | H6: On cooldown. | I6: ability_hunter_explosiveshot | J6: https://www.wowhead.com/spell=212431
A7: 4 | B7: Multi-Shot | C7: 257620 | D7: Attack/Heal | E7: baseline | F7: VERIFIED | G7: 3 | H7: 2+ target Precise Shots spender (Trick Shots). Guide id 257620. | I7: ability_upgrademoonglaive | J7: https://www.wowhead.com/spell=257620
A8: 4 | B8: Steady Shot | C8: 56641 | D8: Attack/Heal | E8: baseline | F8: VERIFIED | G8: 6 | H8: Filler; castable while moving, so 'always be casting'. | I8: ability_hunter_steadyshot | J8: https://www.wowhead.com/spell=56641
A9: 4 | B9: Trueshot | C9: 288613 | D9: Burst | E9: spec | F9: VERIFIED | G9: 65 | H9: Main cooldown; use on cooldown, keep the last use for 30 Bullseye stacks. | I9: ability_trueshot | J9: https://www.wowhead.com/spell=288613
A10: 4 | B10: Volley | C10: 260243 | D10: Burst | E10: spec | F10: VERIFIED | G10: 66 | H10: On cooldown. | I10: ability_hunter_rapidkilling | J10: https://www.wowhead.com/spell=260243
A11: 3 | B11: Aspect of the Cheetah | C11: 186257 | D11: Mobility | E11: baseline | F11: VERIFIED | G11: 49 | I11: ability_mount_jungletiger | J11: https://www.wowhead.com/spell=186257
A12: 3 | B12: Counter Shot | C12: 147362 | D12: Crowd control | E12: class | F12: VERIFIED | G12: 50, 51, 59 | I12: inv_ammo_arrow_03 | J12: https://www.wowhead.com/spell=147362
A13: 3 | B13: Disengage | C13: 781 | D13: Mobility | E13: baseline | F13: VERIFIED | G13: 52 | I13: ability_rogue_feint | J13: https://www.wowhead.com/spell=781
A14: 3 | B14: Kill Shot | C14: 53351 | D14: Attack/Heal | E14: spec | F14: VERIFIED | G14: 55 | H14: Precise Shots spender at execute. | I14: ability_hunter_assassinate2 | J14: https://www.wowhead.com/spell=53351
A15: 3 | B15: Misdirection | C15: 34477 | D15: Utility | E15: class | F15: VERIFIED | G15: 56 | I15: ability_hunter_misdirection | J15: https://www.wowhead.com/spell=34477
A16: 3 | B16: Moonlight Chakram | C16: 1264902 | D16: Burst | E16: hero:Sentinel | F16: VERIFIED | G16: 67 | H16: Cast with about 5 s of Trueshot left. | I16: inv_ability_hunter_deathchakram | J16: https://www.wowhead.com/spell=1264902
A17: 3 | B17: Wailing Arrow | C17: 392060 | D17: Burst | E17: hero:Dark Ranger | F17: VERIFIED | G17: not placed | H17: Single cast during Trueshot, Dark Ranger only. | I17: ability_theblackarrow | J17: https://www.wowhead.com/spell=392060
A18: 2 | B18: Aspect of the Turtle | C18: 186265 | D18: Defensive | E18: baseline | F18: VERIFIED | G18: 57 | I18: ability_hunter_pet_turtle | J18: https://www.wowhead.com/spell=186265
A19: 2 | B19: Exhilaration | C19: 109304 | D19: Defensive | E19: baseline | F19: VERIFIED | G19: 54 | I19: ability_hunter_onewithnature | J19: https://www.wowhead.com/spell=109304
A20: 2 | B20: Feign Death | C20: 5384 | D20: Utility | E20: baseline | F20: VERIFIED | G20: 63 | I20: ability_rogue_feigndeath | J20: https://www.wowhead.com/spell=5384
A21: 2 | B21: Freezing Trap | C21: 187650 | D21: Crowd control | E21: baseline | F21: VERIFIED | G21: 64 | I21: spell_frost_chainsofice | J21: https://www.wowhead.com/spell=187650
A22: 2 | B22: Growl | C22: 2649 | D22: Utility | E22: pet | F22: VERIFIED | G22: 9 | I22: ability_physical_taunt | J22: https://www.wowhead.com/spell=2649
A23: 2 | B23: Hunter's Mark | C23: 257284 | D23: Attack/Heal | E23: baseline | F23: VERIFIED | G23: 8 | I23: ability_hunter_markedfordeath | J23: https://www.wowhead.com/spell=257284
A24: 2 | B24: Intimidation | C24: 474421 | D24: Crowd control | E24: class | F24: VERIFIED | G24: 60, 62 | H24: MM class-tree id 474421 (BM and SV show 19577); the Kick2/AutoKick2 macros cast it by name. | I24: artifactability_survivalhunter_eaglesbite | J24: https://www.wowhead.com/spell=474421
A25: 2 | B25: Mend Pet | C25: 136 | D25: Attack/Heal | E25: baseline | F25: VERIFIED | G25: 1 | I25: ability_hunter_mendpet | J25: https://www.wowhead.com/spell=136
A26: 2 | B26: Revive Pet | C26: 982 | D26: Utility | E26: baseline | F26: VERIFIED | G26: 68 | I26: ability_hunter_beastsoothe | J26: https://www.wowhead.com/spell=982
A27: 2 | B27: Survival of the Fittest | C27: 264735 | D27: Defensive | E27: class | F27: VERIFIED | G27: 53 | I27: spell_nature_spiritarmor | J27: https://www.wowhead.com/spell=264735
A28: 1 | B28: Beast Lore | C28: 1462 | D28: Utility | E28: baseline | F28: VERIFIED | G28: 69 | I28: ability_physical_taunt | J28: https://www.wowhead.com/spell=1462
A29: 1 | B29: Binding Shot | C29: 109248 | D29: Crowd control | E29: class | F29: VERIFIED | G29: not placed | I29: spell_shaman_bindelemental | J29: https://www.wowhead.com/spell=109248
A30: 1 | B30: Call Pet 1 | C30: 883 | D30: Utility | E30: baseline | F30: VERIFIED | G30: not placed | I30: ability_hunter_beastcall | J30: https://www.wowhead.com/spell=883
A31: 1 | B31: Camouflage | C31: 199483 | D31: Utility | E31: class | F31: VERIFIED | G31: not placed | I31: ability_hunter_camouflage | J31: https://www.wowhead.com/spell=199483
A32: 1 | B32: Concussive Shot | C32: 5116 | D32: Crowd control | E32: class | F32: VERIFIED | G32: not placed | I32: spell_frost_stun | J32: https://www.wowhead.com/spell=5116
A33: 1 | B33: Dismiss Pet | C33: 2641 | D33: Utility | E33: baseline | F33: VERIFIED | G33: not placed | I33: spell_nature_spiritwolf | J33: https://www.wowhead.com/spell=2641
A34: 1 | B34: Flare | C34: 1543 | D34: Utility | E34: baseline | F34: VERIFIED | G34: not placed | I34: spell_fire_flare | J34: https://www.wowhead.com/spell=1543
A35: 1 | B35: Primal Rage | C35: 264667 | D35: Burst | E35: pet | F35: VERIFIED | G35: not placed | I35: spell_shadow_unholyfrenzy | J35: https://www.wowhead.com/spell=264667
A36: 1 | B36: Roar of Sacrifice | C36: 53480 | D36: Defensive | E36: class choice | F36: VERIFIED | G36: not placed | I36: ability_hunter_fervor | J36: https://www.wowhead.com/spell=53480
... A40: 1 | B40: Tranquilizing Shot | C40: 19801 | D40: Utility | E40: class | F40: VERIFIED | G40: 61 | I40: spell_nature_drowsy | J40: https://www.wowhead.com/spell=19801
A43: Rotation priority (Sentinel, single target) from https://www.wowhead.com/guide/classes/hunter/marksmanship/rotation-cooldowns-pve-dps
A44: 1. Trueshot on cooldown (keep the final use for 30 Bullseye stacks)
A45: 2. Moonlight Chakram with about 5 s of Trueshot left
A46: 3. Aimed Shot when out of Precise Shots during Trueshot
A47: 4. Rapid Fire on cooldown / during Trueshot
A48: 5. Kill Shot to spend Precise Shots
A49: 6. Arcane Shot to spend Precise Shots
A50: 7. Aimed Shot on cooldown
A51: 8. Moonlight Chakram
A52: 9. Steady Shot
A53: Explosive Shot and Volley on cooldown. AoE (2+ targets) swaps Arcane Shot for Multi-Shot. The AoE priority list itself was not captured; this is from the guide's prose.

Sheet Hunter - Survival
A1: Bar | B1: Slot | C1: Type | D1: Key 1 | E1: Key 2 | F1: keys reserved for | G1: Importance of slots | H1: Input notes (xlsx Details) | I1: Key reach tier | J1: Priority score | K1: Recommended action | L1: Placed as | M1: ID / macro id | N1: Icon file | O1: Spell rank (1-5) | P1: vs Beast Mastery | Q1: Beast Mastery has | R1: Reason | S1: Status | T1: xlsx spell (unreliable) | U1: Icon link
A2: Bar 1 | B2: 1 | C2: Spell | D2: 1 | F2: Attack/Heal | G2: 2 | H2: Beast Cleave | I2: =IFERROR(INDEX('Key reach tiers'!$B$2:$B$48,MATCH(D2,'Key reach tiers'!$A$2:$A$48,0)),3) -> 1 | J2: =IF(G2="","",2*I2+G2) -> 4 | K2: Mend Pet | L2: Spell | M2: 136 | N2: ability_hunter_mendpet | O2: 2 | P2: SAME | Q2: Mend Pet | R2: Same as Beast Mastery. | S2: VERIFIED | T2: Multi-Shot | U2: icon
A3: Bar 1 | B3: 2 | C3: Spell | D3: 2 | F3: Attack/Heal | G3: 1 | I3: =IFERROR(INDEX('Key reach tiers'!$B$2:$B$48,MATCH(D3,'Key reach tiers'!$A$2:$A$48,0)),3) -> 1 | J3: =IF(G3="","",2*I3+G3) -> 3 | K3: Wildfire Bomb | L3: Spell | M3: 259495 | N3: inv_wildfirebomb | O3: 5 | P3: DIFFERENT | Q3: Cobra Shot macro 'Cobra' | R3: Rank 5 cooldown ability on the thumb button, where BM keeps Barbed Shot. | S3: VERIFIED | T3: Kill Command | U3: icon
A4: Bar 1 | B4: 3 | C4: Spell | D4: 3 | F4: Attack/Heal | G4: 1 | I4: =IFERROR(INDEX('Key reach tiers'!$B$2:$B$48,MATCH(D4,'Key reach tiers'!$A$2:$A$48,0)),3) -> 1 | J4: =IF(G4="","",2*I4+G4) -> 3 | K4: Raptor Swipe | L4: Spell | M4: 1259003 | N4: inv12_apextalent_hunter_raptorswipe | O4: 4 | P4: DIFFERENT | Q4: Wild Thrash macro 'Wild' | R4: Rank 4 apex ability, on the key BM uses for Wild Thrash. | S4: VERIFIED | T4: Barbed Shot | U4: icon
A5: Bar 1 | B5: 4 | C5: Spell | D5: 4 | F5: Attack/Heal | G5: 2 | H5: From your BM bar | I5: =IFERROR(INDEX('Key reach tiers'!$B$2:$B$48,MATCH(D5,'Key reach tiers'!$A$2:$A$48,0)),3) -> 1 | J5: =IF(G5="","",2*I5+G5) -> 4 | K5: Boomstick | L5: Spell | M5: 1261193 | N5: inv_musket_04 | O5: 4 | P5: DIFFERENT | Q5: Bestial Wrath macro 'BW' | R5: Rank 4, third in the Wowhead priority. | S5: VERIFIED | T5: Wild Thrash | U5: icon
A6: Bar 1 | B6: 5 | C6: Spell | D6: R | F6: Attack/Heal | G6: 1 | I6: =IFERROR(INDEX('Key reach tiers'!$B$2:$B$48,MATCH(D6,'Key reach tiers'!$A$2:$A$48,0)),3) -> 1 | J6: =IF(G6="","",2*I6+G6) -> 3 | K6: Kill Command macro 'KC' | L6: Macro | M6: 17 | N6: ability_hunter_killcommand | O6: 5 | P6: SAME | Q6: Kill Command macro 'KC' | R6: Same as Beast Mastery. | S6: VERIFIED | T6: Cobra Shot | U6: icon
A7: Bar 1 | B7: 6 | C7: Spell | D7: F | F7: Attack/Heal | G7: 2 | H7: AoE opener | I7: =IFERROR(INDEX('Key reach tiers'!$B$2:$B$48,MATCH(D7,'Key reach tiers'!$A$2:$A$48,0)),3) -> 1 | J7: =IF(G7="","",2*I7+G7) -> 4 | K7: Raptor Strike macro 'Raptor' | L7: Macro | M7: 38 | N7: ability_hunter_raptorstrike | O7: 5 | P7: DIFFERENT | Q7: Cobra Shot macro 'Cobra' | R7: Second copy of the filler on F with the pet-attack lines, mirroring Cobra Shot in BM. New macro. | S7: VERIFIED | T7: Dire Beast | U7: icon
A8: Bar 1 | B8: 7 | C8: Spell | D8: BUTTON4 | F8: Attack/Heal | G8: 1 | H8: Dark Ranger | I8: =IFERROR(INDEX('Key reach tiers'!$B$2:$B$48,MATCH(D8,'Key reach tiers'!$A$2:$A$48,0)),3) -> 1 | J8: =IF(G8="","",2*I8+G8) -> 3 | K8: Raptor Strike | L8: Spell | M8: 186270 | N8: ability_hunter_raptorstrike | O8: 5 | P8: DIFFERENT | Q8: Barbed Shot macro 'Barbed' | R8: Rank 5 core spender, on the first importance-1 key (BM's Cobra Shot slot). | S8: VERIFIED | T8: Black Arrow | U8: icon
A9: Bar 1 | B9: 8 | C9: Spell | D9: SHIFT-BUTTON4 | F9: Attack/Heal | G9: 2 | I9: =IFERROR(INDEX('Key reach tiers'!$B$2:$B$48,MATCH(D9,'Key reach tiers'!$A$2:$A$48,0)),3) -> 2 | J9: =IF(G9="","",2*I9+G9) -> 6 | K9: Hunter's Mark | L9: Spell | M9: 257284 | N9: ability_hunter_markedfordeath | O9: 3 | P9: SAME | Q9: Hunter's Mark | R9: Same as Beast Mastery. | S9: VERIFIED | T9: Hunter's Mark | U9: icon
A10: Bar 1 | B10: 9 | C10: Spell | D10: V | F10: Utility | G10: 3 | I10: =IFERROR(INDEX('Key reach tiers'!$B$2:$B$48,MATCH(D10,'Key reach tiers'!$A$2:$A$48,0)),3) -> 2 | J10: =IF(G10="","",2*I10+G10) -> 7 | K10: Growl macro 'Growl' | L10: Macro | M10: 16 | N10: ability_physical_taunt | O10: 2 | P10: SAME | Q10: Growl macro 'Growl' | R10: Same as Beast Mastery. | S10: VERIFIED | T10: Tranquilizing Shot | U10: icon
A11: Bar 1 | B11: 10 | C11: Spell | D11: SHIFT-V | F11: Utility | G11: 3 | I11: =IFERROR(INDEX('Key reach tiers'!$B$2:$B$48,MATCH(D11,'Key reach tiers'!$A$2:$A$48,0)),3) -> 3 | J11: =IF(G11="","",2*I11+G11) -> 9 | K11: Tame Beast macro 'tame' | L11: Macro | M11: 27 | N11: ability_hunter_beasttaming | O11: 1 | P11: SAME | Q11: Tame Beast macro 'tame' | R11: Same as Beast Mastery. | S11: VERIFIED | T11: Misdirection | U11: icon
A12: Bar 1 | B12: 11 | C12: Item | D12: ALT-MOUSEWHEELUP | F12: Utility | G12: 3 | H12: Unchanged from your BM bar | I12: =IFERROR(INDEX('Key reach tiers'!$B$2:$B$48,MATCH(D12,'Key reach tiers'!$A$2:$A$48,0)),3) -> 3 | J12: =IF(G12="","",2*I12+G12) -> 9 | K12: Interdimensional Companion Repository | L12: Item | M12: 153510 | N12: inv_eng_interdimensionalcompanionrepository | P12: SAME | Q12: Interdimensional Companion Repository | R12: Same as Beast Mastery. | S12: VERIFIED | T12: Item 153510 | U12: icon
A13: Bar 1 | B13: 12 | C13: Item | D13: ALT-MOUSEWHEELDOWN | F13: Utility | G13: 3 | I13: =IFERROR(INDEX('Key reach tiers'!$B$2:$B$48,MATCH(D13,'Key reach tiers'!$A$2:$A$48,0)),3) -> 3 | J13: =IF(G13="","",2*I13+G13) -> 9 | K13: Healthstone | L13: Item | M13: 5512 | N13: warlock_-healthstone | P13: SAME | Q13: Healthstone | R13: Same as Beast Mastery. | S13: VERIFIED | T13: Healthstone | U13: icon
A14: Bar 2 | B14: 61 | C14: Spell | D14: SHIFT-MOUSEWHEELUP | F14: Utility | G14: 3 | I14: =IFERROR(INDEX('Key reach tiers'!$B$2:$B$48,MATCH(D14,'Key reach tiers'!$A$2:$A$48,0)),3) -> 2 | J14: =IF(G14="","",2*I14+G14) -> 7 | K14: Tranquilizing Shot | L14: Spell | M14: 19801 | N14: spell_nature_drowsy | O14: 1 | P14: SAME | Q14: Tranquilizing Shot | R14: Same as Beast Mastery. | S14: VERIFIED | T14: Flare | U14: icon
A15: Bar 2 | B15: 62 | C15: Spell | D15: C | E15: F9 | F15: Crowd control | G15: 3 | I15: =IFERROR(INDEX('Key reach tiers'!$B$2:$B$48,MATCH(D15,'Key reach tiers'!$A$2:$A$48,0)),3) -> 2 | J15: =IF(G15="","",2*I15+G15) -> 7 | K15: Intimidation macro 'Kick2' | L15: Macro | M15: 18 | N15: ability_devour | O15: 2 | P15: SAME | Q15: Intimidation macro 'Kick2' | R15: Same as Beast Mastery. | S15: VERIFIED | T15: Binding Shot | U15: icon
A16: Bar 2 | B16: 63 | C16: Spell | D16: T | F16: Utility | G16: 3 | I16: =IFERROR(INDEX('Key reach tiers'!$B$2:$B$48,MATCH(D16,'Key reach tiers'!$A$2:$A$48,0)),3) -> 2 | J16: =IF(G16="","",2*I16+G16) -> 7 | K16: Feign Death | L16: Spell | M16: 5384 | N16: ability_rogue_feigndeath | O16: 2 | P16: SAME | Q16: Feign Death | R16: Same as Beast Mastery. | S16: VERIFIED | T16: Camouflage | U16: icon
A17: Bar 2 | B17: 64 | C17: Spell | D17: SHIFT-C | F17: Crowd control | G17: 3 | I17: =IFERROR(INDEX('Key reach tiers'!$B$2:$B$48,MATCH(D17,'Key reach tiers'!$A$2:$A$48,0)),3) -> 3 | J17: =IF(G17="","",2*I17+G17) -> 9 | K17: Freezing Trap macro 'Trap' | L17: Macro | M17: 31 | N17: spell_frost_chainsofice | O17: 2 | P17: SAME | Q17: Freezing Trap macro 'Trap' | R17: Same as Beast Mastery. | S17: VERIFIED | T17: Freezing Trap | U17: icon
A18: Bar 2 | B18: 65 | C18: Spell | D18: SHIFT-R | F18: Burst | G18: 3 | H18: With racials, trinkets, potion | I18: =IFERROR(INDEX('Key reach tiers'!$B$2:$B$48,MATCH(D18,'Key reach tiers'!$A$2:$A$48,0)),3) -> 2 | J18: =IF(G18="","",2*I18+G18) -> 7 | K18: Takedown macro 'TD' | L18: Macro | M18: 35 | N18: inv12_ability_hunter_takedown | O18: 4 | P18: DIFFERENT | Q18: Bestial Wrath macro 'BW' | R18: Rule: SHIFT-R is Burst. New macro with both trinkets, no racials. Moonlight Chakram replaces Takedown on the same button for Sentinel (UNVERIFIED that /cast Takedown still works then). | S18: VERIFIED | T18: Bestial Wrath | U18: icon
A19: Bar 2 | B19: 66 | C19: Spell | D19: SHIFT-F | F19: Burst | G19: 3 | I19: =IFERROR(INDEX('Key reach tiers'!$B$2:$B$48,MATCH(D19,'Key reach tiers'!$A$2:$A$48,0)),3) -> 2 | J19: =IF(G19="","",2*I19+G19) -> 7 | K19: (open) | L19: Open | P19: SAME | Q19: (open) | R19: Same as Beast Mastery. | S19: UNVERIFIED | T19: Call of the Wild
A20: Bar 2 | B20: 67 | C20: Spell | D20: Z | F20: Burst | G20: 3 | I20: =IFERROR(INDEX('Key reach tiers'!$B$2:$B$48,MATCH(D20,'Key reach tiers'!$A$2:$A$48,0)),3) -> 2 | J20: =IF(G20="","",2*I20+G20) -> 7 | K20: Primal Rage macro 'SX' | L20: Macro | M20: 25 | N20: spell_shadow_unholyfrenzy | O20: 2 | P20: SAME | Q20: Primal Rage macro 'SX' | R20: Same as Beast Mastery. | S20: VERIFIED | T20: Bloodshed | U20: icon
A21: Bar 2 | B21: 68 | C21: Spell | D21: X | F21: Utility | G21: 3 | I21: =IFERROR(INDEX('Key reach tiers'!$B$2:$B$48,MATCH(D21,'Key reach tiers'!$A$2:$A$48,0)),3) -> 2 | J21: =IF(G21="","",2*I21+G21) -> 7 | K21: Revive Pet | L21: Spell | M21: 982 | N21: ability_hunter_beastsoothe | O21: 2 | P21: SAME | Q21: Revive Pet | R21: Same as Beast Mastery. | S21: VERIFIED | T21: Tar Trap | U21: icon
A22: Bar 2 | B22: 69 | C22: Spell | F22: Utility | G22: 3 | I22: =IFERROR(INDEX('Key reach tiers'!$B$2:$B$48,MATCH(D22,'Key reach tiers'!$A$2:$A$48,0)),3) -> 3 | J22: =IF(G22="","",2*I22+G22) -> 9 | K22: Beast Lore | L22: Spell | M22: 1462 | N22: ability_physical_taunt | O22: 1 | P22: SAME | Q22: Beast Lore | R22: Same as Beast Mastery. | S22: VERIFIED | T22: Intimidation | U22: icon
A23: Bar 2 | B23: 70 | C23: Item | D23: 6 | F23: Utility | G23: 3 | H23: Unchanged from your BM bar | I23: =IFERROR(INDEX('Key reach tiers'!$B$2:$B$48,MATCH(D23,'Key reach tiers'!$A$2:$A$48,0)),3) -> 2 | J23: =IF(G23="","",2*I23+G23) -> 7 | K23: Voracious Heart of Ula'tek (trinket) | L23: Item | M23: 270175 | N23: inv_121_trinket_raid_ulatek_heart | P23: SAME | Q23: Voracious Heart of Ula'tek (trinket) | R23: Same as Beast Mastery. | S23: VERIFIED | T23: Item 270175 | U23: icon
A24: Bar 2 | B24: 71 | C24: Macro | D24: F10 | F24: Utility | G24: 2 | H24: Your pReck macro (Potion of Recklessness for DPS; use a role-appropriate potion on tank/healer) | I24: =IFERROR(INDEX('Key reach tiers'!$B$2:$B$48,MATCH(D24,'Key reach tiers'!$A$2:$A$48,0)),3) -> 1 | J24: =IF(G24="","",2*I24+G24) -> 4 | K24: Potion macro 'pReck' | L24: Macro | M24: 21 | N24: inv_misc_questionmark | P24: SAME | Q24: Potion macro 'pReck' | R24: Same as Beast Mastery. | S24: VERIFIED | T24: Combat potion
A25: Bar 2 | B25: 72 | C25: Macro | D25: F11 | F25: Utility | G25: 2 | H25: Your pHealth macro | I25: =IFERROR(INDEX('Key reach tiers'!$B$2:$B$48,MATCH(D25,'Key reach tiers'!$A$2:$A$48,0)),3) -> 1 | J25: =IF(G25="","",2*I25+G25) -> 4 | K25: Potion macro 'pHealth' | L25: Macro | M25: 19 | N25: inv_misc_questionmark | P25: SAME | Q25: Potion macro 'pHealth' | R25: Same as Beast Mastery. | S25: VERIFIED | T25: Health potion, then Healthstone
A26: Bar 3 | B26: 49 | C26: Spell | D26: MOUSEWHEELUP | F26: Mobility | G26: 2 | I26: =IFERROR(INDEX('Key reach tiers'!$B$2:$B$48,MATCH(D26,'Key reach tiers'!$A$2:$A$48,0)),3) -> 1 | J26: =IF(G26="","",2*I26+G26) -> 4 | K26: Aspect of the Cheetah | L26: Spell | M26: 186257 | N26: ability_mount_jungletiger | O26: 3 | P26: SAME | Q26: Aspect of the Cheetah | R26: Same as Beast Mastery. | S26: VERIFIED | T26: Aspect of the Cheetah | U26: icon
A27: Bar 3 | B27: 50 | C27: Spell | D27: BUTTON5 | F27: Crowd control | G27: 2 | H27: Interrupt | I27: =IFERROR(INDEX('Key reach tiers'!$B$2:$B$48,MATCH(D27,'Key reach tiers'!$A$2:$A$48,0)),3) -> 1 | J27: =IF(G27="","",2*I27+G27) -> 4 | K27: Muzzle | L27: Spell | M27: 187707 | N27: ability_hunter_negate | O27: 3 | P27: DIFFERENT | Q27: Counter Shot | R27: Survival's interrupt takes the Counter Shot slot. | S27: VERIFIED | T27: Counter Shot | U27: icon
A28: Bar 3 | B28: 51 | C28: Macro (new) | D28: SHIFT-BUTTON5 | F28: Crowd control | G28: 2 | H28: #showtooltip Counter Shot / cast [@focus,exists,harm,nodead] Counter Shot | I28: =IFERROR(INDEX('Key reach tiers'!$B$2:$B$48,MATCH(D28,'Key reach tiers'!$A$2:$A$48,0)),3) -> 2 | J28: =IF(G28="","",2*I28+G28) -> 6 | K28: Muzzle macro 'MuzFocus' | L28: Macro | M28: 36 | N28: ability_hunter_negate | O28: 3 | P28: DIFFERENT | Q28: Counter Shot macro 'CSFocus' | R28: Focus-target Muzzle, copy of CSFocus. New macro. | S28: VERIFIED | T28: Counter Shot on focus | U28: icon
A29: Bar 3 | B29: 52 | C29: Spell | D29: MOUSEWHEELDOWN | F29: Mobility | G29: 2 | I29: =IFERROR(INDEX('Key reach tiers'!$B$2:$B$48,MATCH(D29,'Key reach tiers'!$A$2:$A$48,0)),3) -> 1 | J29: =IF(G29="","",2*I29+G29) -> 4 | K29: Disengage | L29: Spell | M29: 781 | N29: ability_rogue_feint | O29: 3 | P29: SAME | Q29: Disengage | R29: Same as Beast Mastery. | S29: VERIFIED | T29: Aspect of the Turtle | U29: icon
A30: Bar 3 | B30: 53 | C30: Spell | D30: A | F30: Defensive | G30: 2 | I30: =IFERROR(INDEX('Key reach tiers'!$B$2:$B$48,MATCH(D30,'Key reach tiers'!$A$2:$A$48,0)),3) -> 1 | J30: =IF(G30="","",2*I30+G30) -> 4 | K30: Survival of the Fittest | L30: Spell | M30: 264735 | N30: spell_nature_spiritarmor | O30: 2 | P30: SAME | Q30: Survival of the Fittest | R30: Same as Beast Mastery. | S30: VERIFIED | T30: Exhilaration | U30: icon
A31: Bar 3 | B31: 54 | C31: Spell | D31: D | F31: Defensive | G31: 2 | I31: =IFERROR(INDEX('Key reach tiers'!$B$2:$B$48,MATCH(D31,'Key reach tiers'!$A$2:$A$48,0)),3) -> 1 | J31: =IF(G31="","",2*I31+G31) -> 4 | K31: Exhilaration | L31: Spell | M31: 109304 | N31: ability_hunter_onewithnature | O31: 2 | P31: SAME | Q31: Exhilaration | R31: Same as Beast Mastery. | S31: VERIFIED | T31: Survival of the Fittest | U31: icon
A32: Bar 3 | B32: 55 | C32: Spell | D32: SHIFT-A | F32: Utility | G32: 3 | I32: =IFERROR(INDEX('Key reach tiers'!$B$2:$B$48,MATCH(D32,'Key reach tiers'!$A$2:$A$48,0)),3) -> 3 | J32: =IF(G32="","",2*I32+G32) -> 9 | K32: Harpoon | L32: Spell | M32: 190925 | N32: ability_hunter_harpoon | O32: 3 | P32: DIFFERENT | Q32: Flare | R32: Rank 3 gap closer for the melee spec. Exception: Mobility spell in a Utility slot; replaces BM's Flare. | S32: VERIFIED | T32: Mend Pet | U32: icon
A33: Bar 3 | B33: 56 | C33: Spell | D33: SHIFT-D | F33: Utility | G33: 2 | I33: =IFERROR(INDEX('Key reach tiers'!$B$2:$B$48,MATCH(D33,'Key reach tiers'!$A$2:$A$48,0)),3) -> 2 | J33: =IF(G33="","",2*I33+G33) -> 6 | K33: Misdirection macro 'TankMDaddon' | L33: Macro | M33: 29 | N33: ability_hunter_misdirection | O33: 3 | P33: SAME | Q33: Misdirection macro 'TankMDaddon' | R33: Same as Beast Mastery. | S33: VERIFIED | T33: Feign Death | U33: icon
A34: Bar 3 | B34: 57 | C34: Spell | D34: SHIFT-MOUSEWHEELDOWN | F34: Defensive | G34: 2 | I34: =IFERROR(INDEX('Key reach tiers'!$B$2:$B$48,MATCH(D34,'Key reach tiers'!$A$2:$A$48,0)),3) -> 2 | J34: =IF(G34="","",2*I34+G34) -> 6 | K34: Aspect of the Turtle macro 'Turtle' | L34: Macro | M34: 32 | N34: ability_hunter_pet_turtle | O34: 2 | P34: SAME | Q34: Aspect of the Turtle macro 'Turtle' | R34: Same as Beast Mastery. | S34: VERIFIED | T34: Disengage | U34: icon
A35: Bar 3 | B35: 58 | C35: Spell | F35: Utility | G35: 3 | I35: =IFERROR(INDEX('Key reach tiers'!$B$2:$B$48,MATCH(D35,'Key reach tiers'!$A$2:$A$48,0)),3) -> 3 | J35: =IF(G35="","",2*I35+G35) -> 9 | K35: Call Pet flyout (flyout 9) | L35: Flyout | M35: 9 | N35: ability_hunter_beastcall | P35: SAME | Q35: Call Pet flyout (flyout 9) | R35: Same as Beast Mastery. | S35: VERIFIED | T35: Primal Rage | U35: icon
A36: Bar 3 | B36: 59 | C36: Macro (new) | D36: SHIFT-F10 | F36: Utility | G36: 3 | H36: #showtooltip Counter Shot / cleartarget / targetenemy / cast Counter Shot / targetlasttarget | I36: =IFERROR(INDEX('Key reach tiers'!$B$2:$B$48,MATCH(D36,'Key reach tiers'!$A$2:$A$48,0)),3) -> 2 | J36: =IF(G36="","",2*I36+G36) -> 7 | K36: Muzzle macro 'AutoMuz' | L36: Macro | M36: 37 | N36: ability_hunter_negate | O36: 3 | P36: DIFFERENT | Q36: Counter Shot macro 'AutoKick' | R36: Auto-target Muzzle, copy of AutoKick. New macro. | S36: VERIFIED | T36: Counter Shot on tab target | U36: icon
A37: Bar 3 | B37: 60 | C37: Spell | D37: SHIFT-F11 | F37: Utility | G37: 3 | I37: =IFERROR(INDEX('Key reach tiers'!$B$2:$B$48,MATCH(D37,'Key reach tiers'!$A$2:$A$48,0)),3) -> 2 | J37: =IF(G37="","",2*I37+G37) -> 7 | K37: Intimidation macro 'AutoKick2' | L37: Macro | M37: 6 | N37: ability_devour | O37: 2 | P37: SAME | Q37: Intimidation macro 'AutoKick2' | R37: Same as Beast Mastery. | S37: VERIFIED | T37: Revive Pet | U37: icon
A38: Bar 4 | B38: 25 | C38: Item | D38: ALT-0 | F38: Cross char utility | H38: Name not resolved | I38: =IFERROR(INDEX('Key reach tiers'!$B$2:$B$48,MATCH(D38,'Key reach tiers'!$A$2:$A$48,0)),3) -> 3 | J38: =IF(G38="","",2*I38+G38) | K38: Corewarden's Hearthstone | L38: Item | M38: 265100 | N38: inv_cosmicvoid_groundsate | P38: SAME | Q38: Corewarden's Hearthstone | R38: Same as Beast Mastery. | S38: VERIFIED | T38: Item 265100 | U38: icon
A39: Bar 4 | B39: 26 | C39: Item | D39: ALT-1 | F39: Cross char utility | H39: Item 140192 | I39: =IFERROR(INDEX('Key reach tiers'!$B$2:$B$48,MATCH(D39,'Key reach tiers'!$A$2:$A$48,0)),3) -> 3 | J39: =IF(G39="","",2*I39+G39) | K39: Dalaran Hearthstone | L39: Item | M39: 140192 | N39: inv_misc_rune_15 | P39: SAME | Q39: Dalaran Hearthstone | R39: Same as Beast Mastery. | S39: VERIFIED | T39: Dalaran Hearthstone | U39: icon
A40: Bar 4 | B40: 27 | C40: Item | D40: ALT-2 | F40: Cross char utility | H40: Name not resolved | I40: =IFERROR(INDEX('Key reach tiers'!$B$2:$B$48,MATCH(D40,'Key reach tiers'!$A$2:$A$48,0)),3) -> 3 | J40: =IF(G40="","",2*I40+G40) | K40: Personal Key to the Arcantina | L40: Item | M40: 253629 | N40: inv_12_-arcantina_key | P40: SAME | Q40: Personal Key to the Arcantina | R40: Same as Beast Mastery. | S40: VERIFIED | T40: Item 253629 | U40: icon
A41: Bar 4 | B41: 28 | C41: Mount | D41: ALT-3 | F41: Cross char utility | H41: Mount ID 460 | I41: =IFERROR(INDEX('Key reach tiers'!$B$2:$B$48,MATCH(D41,'Key reach tiers'!$A$2:$A$48,0)),3) -> 2 | J41: =IF(G41="","",2*I41+G41) | K41: Mount: Grand Expedition Yak | L41: Mount | M41: 460 | N41: ability_mount_yak | P41: SAME | Q41: Mount: Grand Expedition Yak | R41: Same as Beast Mastery. | S41: VERIFIED | T41: Grand Expedition Yak | U41: icon
A42: Bar 4 | B42: 29 | C42: Mount | D42: ALT-4 | F42: Cross char utility | H42: Name not resolved | I42: =IFERROR(INDEX('Key reach tiers'!$B$2:$B$48,MATCH(D42,'Key reach tiers'!$A$2:$A$48,0)),3) -> 2 | J42: =IF(G42="","",2*I42+G42) | K42: Mount: Trader's Gilded Brutosaur | L42: Mount | M42: 2265 | N42: ability_mount_mammoth_brown | P42: SAME | Q42: Mount: Trader's Gilded Brutosaur | R42: Same as Beast Mastery. | S42: VERIFIED | T42: Mount ID 2265 | U42: icon
A43: Bar 4 | B43: 30 | C43: Macro (blank name) | D43: ALT-SHIFT-3 | F43: Cross char utility | H43: Dragonriding mount-up; dismounts if mounted | I43: =IFERROR(INDEX('Key reach tiers'!$B$2:$B$48,MATCH(D43,'Key reach tiers'!$A$2:$A$48,0)),3) -> 2 | J43: =IF(G43="","",2*I43+G43) | K43: Soar mount-up macro (macro 1) | L43: Macro | M43: 1 | N43: ability_dragonriding_forwardflap01 | P43: SAME | Q43: Soar mount-up macro (macro 1) | R43: Same as Beast Mastery. | S43: VERIFIED | T43: Soar | U43: icon
A44: Bar 4 | B44: 31 | C44: Companion | D44: ALT-SHIFT-4 | F44: Cross char utility | H44: Name not resolved | I44: =IFERROR(INDEX('Key reach tiers'!$B$2:$B$48,MATCH(D44,'Key reach tiers'!$A$2:$A$48,0)),3) -> 2 | J44: =IF(G44="","",2*I44+G44) | K44: Companion: Tuskarr Hermit Crab | L44: Companion | M44: 1293028 | N44: inv_misc_questionmark | P44: SAME | Q44: Companion: Tuskarr Hermit Crab | R44: Same as Beast Mastery. | S44: VERIFIED | T44: Companion ID 1293028
A45: Bar 4 | B45: 32 | C45: Macro: portions | D45: ALT-5 | F45: Cross char utility | H45: Plumber drawer, 5 potions | I45: =IFERROR(INDEX('Key reach tiers'!$B$2:$B$48,MATCH(D45,'Key reach tiers'!$A$2:$A$48,0)),3) -> 3 | J45: =IF(G45="","",2*I45+G45) | K45: Potion drawer macro 'portions' | L45: Macro | M45: 20 | N45: inv_potion_54 | P45: SAME | Q45: Potion drawer macro 'portions' | R45: Same as Beast Mastery. | S45: VERIFIED | T45: Potion drawer | U45: icon
A46: Bar 4 | B46: 33 | C46: Macro: toys | D46: ALT-6 | F46: Cross char utility | H46: Plumber drawer, 7 toys | I46: =IFERROR(INDEX('Key reach tiers'!$B$2:$B$48,MATCH(D46,'Key reach tiers'!$A$2:$A$48,0)),3) -> 3 | J46: =IF(G46="","",2*I46+G46) | K46: Toy drawer macro 'toys' | L46: Macro | M46: 30 | N46: inv_misc_toy_07 | P46: SAME | Q46: Toy drawer macro 'toys' | R46: Same as Beast Mastery. | S46: VERIFIED | T46: Toy drawer | U46: icon
A47: Bar 4 | B47: 34 | C47: Flyout | D47: ALT-7 | F47: Cross char utility | H47: Only the number is stored in the export | I47: =IFERROR(INDEX('Key reach tiers'!$B$2:$B$48,MATCH(D47,'Key reach tiers'!$A$2:$A$48,0)),3) -> 3 | J47: =IF(G47="","",2*I47+G47) | K47: Warband Bank Distance Inhibitor | L47: Item | M47: 216665 | N47: inv_cosmicvoid_orb | P47: SAME | Q47: Warband Bank Distance Inhibitor | R47: Same as Beast Mastery. | S47: UNVERIFIED | T47: Flyout 244 | U47: icon
A48: Bar 4 | B48: 35 | C48: Spell | D48: ALT-8 | F48: Cross char utility | H48: Duplicate of slot 69 | I48: =IFERROR(INDEX('Key reach tiers'!$B$2:$B$48,MATCH(D48,'Key reach tiers'!$A$2:$A$48,0)),3) -> 3 | J48: =IF(G48="","",2*I48+G48) | K48: Teleport Home (housing) | L48: Spell | M48: 1233637 | N48: inv_misc_rune_01 | P48: SAME | Q48: Teleport Home (housing) | R48: Same as Beast Mastery. | S48: VERIFIED | T48: Beast Lore | U48: icon
A49: Bar 4 | B49: 36 | C49: Empty | D49: ALT-9 | F49: Cross char utility | I49: =IFERROR(INDEX('Key reach tiers'!$B$2:$B$48,MATCH(D49,'Key reach tiers'!$A$2:$A$48,0)),3) -> 3 | J49: =IF(G49="","",2*I49+G49) | K49: Hero's Path: Midnight Season 2 (flyout 244) | L49: Flyout | M49: 244 | N49: inv_misc_questionmark | P49: SAME | Q49: Hero's Path: Midnight Season 2 (flyout 244) | R49: Same as Beast Mastery. | S49: VERIFIED
A51: Totals: SAME 38, DIFFERENT 10.
A52: Hero tree on this sheet: Sentinel. Wowhead Mythic+ builds. Sentinel is marked (Best).
A53: Talent string, Sentinel (Wowhead Mythic+): C8PAAAAAAAAAAAAAAAAAAAAAAMWgBmxoxyAYmgtZmZmxY2mHAAAAAAwMmZmhZMmxMYMNDAAAwAAzssMzYBzMzYMzAwM2wixYmZxAA (zero tree hash; in-game acceptance UNVERIFIED)
A54: Talent string, Pack Leader (Wowhead Mythic+): C8PAAAAAAAAAAAAAAAAAAAAAAMgxMG2ILwMM0gFzMzMzMWGAAAAAAmZmZmhZMmxMYMNDAAAwAgHYssMzYhZmZGzMGwMbAYMmZWMAA (zero tree hash; in-game acceptance UNVERIFIED)

Sheet Hunter SV spells
A1: Rank (5 = most used) | B1: Spell | C1: Spell ID | D1: Category | E1: Tree | F1: Status | G1: Placed in slot(s) | H1: Note | I1: Icon file | J1: Wowhead link
A2: 5 | B2: Kill Command | C2: 259489 | D2: Attack/Heal | E2: spec | F2: VERIFIED | G2: 5 | H2: Press when out of Tip of the Spear; once more before Takedown. | I2: ability_hunter_killcommand | J2: https://www.wowhead.com/spell=259489
A3: 5 | B3: Raptor Strike | C3: 186270 | D3: Attack/Heal | E3: spec | F3: VERIFIED | G3: 6, 7 | H3: Focus spender / filler at the bottom of the priority. | I3: ability_hunter_raptorstrike | J3: https://www.wowhead.com/spell=186270
A4: 5 | B4: Wildfire Bomb | C4: 259495 | D4: Attack/Heal | E4: spec | F4: VERIFIED | G4: 2 | H4: Use on Sentinel's Mark targets or about 4-6 s before it recharges. | I4: inv_wildfirebomb | J4: https://www.wowhead.com/spell=259495
A5: 4 | B5: Boomstick | C5: 1261193 | D5: Attack/Heal | E5: spec | F5: VERIFIED | G5: 4 | H5: Third in the single-target priority. | I5: inv_musket_04 | J5: https://www.wowhead.com/spell=1261193
A6: 4 | B6: Raptor Swipe | C6: 1259003 | D6: Attack/Heal | E6: apex | F6: VERIFIED | G6: 3 | H6: Apex talent; listed before Raptor Strike in the priority. | I6: inv12_apextalent_hunter_raptorswipe | J6: https://www.wowhead.com/spell=1259003
A7: 4 | B7: Takedown | C7: 1250646 | D7: Burst | E7: spec | F7: VERIFIED | G7: 65 | H7: Short damage cooldown; cast with a Tip of the Spear stack. | I7: inv12_ability_hunter_takedown | J7: https://www.wowhead.com/spell=1250646
A8: 3 | B8: Aspect of the Cheetah | C8: 186257 | D8: Mobility | E8: baseline | F8: VERIFIED | G8: 49 | I8: ability_mount_jungletiger | J8: https://www.wowhead.com/spell=186257
A9: 3 | B9: Disengage | C9: 781 | D9: Mobility | E9: baseline | F9: VERIFIED | G9: 52 | I9: ability_rogue_feint | J9: https://www.wowhead.com/spell=781
A10: 3 | B10: Harpoon | C10: 190925 | D10: Mobility | E10: baseline | F10: VERIFIED | G10: 55 | H10: Gap closer for the melee spec. | I10: ability_hunter_harpoon | J10: https://www.wowhead.com/spell=190925
A11: 3 | B11: Hunter's Mark | C11: 257284 | D11: Attack/Heal | E11: baseline | F11: VERIFIED | G11: 8 | I11: ability_hunter_markedfordeath | J11: https://www.wowhead.com/spell=257284
A12: 3 | B12: Misdirection | C12: 34477 | D12: Utility | E12: class | F12: VERIFIED | G12: 56 | I12: ability_hunter_misdirection | J12: https://www.wowhead.com/spell=34477
A13: 3 | B13: Moonlight Chakram | C13: 1264949 | D13: Burst | E13: hero:Sentinel | F13: VERIFIED | G13: not placed | H13: Replaces Takedown on the same button (Wowhead). Ids 1264949/1266081 appear for SV; the macro 'TD' casts Takedown by name, so the replacement is UNVERIFIED. | I13: inv_ability_hunter_deathchakram | J13: https://www.wowhead.com/spell=1264949
A14: 3 | B14: Muzzle | C14: 187707 | D14: Crowd control | E14: class | F14: VERIFIED | G14: 50, 51, 59 | H14: Survival's interrupt in place of Counter Shot (class tree shows Muzzle). | I14: ability_hunter_negate | J14: https://www.wowhead.com/spell=187707
A15: 2 | B15: Aspect of the Turtle | C15: 186265 | D15: Defensive | E15: baseline | F15: VERIFIED | G15: 57 | I15: ability_hunter_pet_turtle | J15: https://www.wowhead.com/spell=186265
A16: 2 | B16: Exhilaration | C16: 109304 | D16: Defensive | E16: baseline | F16: VERIFIED | G16: 54 | I16: ability_hunter_onewithnature | J16: https://www.wowhead.com/spell=109304
A17: 2 | B17: Feign Death | C17: 5384 | D17: Utility | E17: baseline | F17: VERIFIED | G17: 63 | I17: ability_rogue_feigndeath | J17: https://www.wowhead.com/spell=5384
A18: 2 | B18: Freezing Trap | C18: 187650 | D18: Crowd control | E18: baseline | F18: VERIFIED | G18: 64 | I18: spell_frost_chainsofice | J18: https://www.wowhead.com/spell=187650
A19: 2 | B19: Growl | C19: 2649 | D19: Utility | E19: pet | F19: VERIFIED | G19: 9 | I19: ability_physical_taunt | J19: https://www.wowhead.com/spell=2649
A20: 2 | B20: Intimidation | C20: 19577 | D20: Crowd control | E20: class | F20: VERIFIED | G20: 60, 62 | I20: ability_devour | J20: https://www.wowhead.com/spell=19577
A21: 2 | B21: Mend Pet | C21: 136 | D21: Attack/Heal | E21: baseline | F21: VERIFIED | G21: 1 | I21: ability_hunter_mendpet | J21: https://www.wowhead.com/spell=136
A22: 2 | B22: Primal Rage | C22: 264667 | D22: Burst | E22: pet | F22: VERIFIED | G22: 67 | I22: spell_shadow_unholyfrenzy | J22: https://www.wowhead.com/spell=264667
A23: 2 | B23: Revive Pet | C23: 982 | D23: Utility | E23: baseline | F23: VERIFIED | G23: 68 | I23: ability_hunter_beastsoothe | J23: https://www.wowhead.com/spell=982
A24: 2 | B24: Survival of the Fittest | C24: 264735 | D24: Defensive | E24: class | F24: VERIFIED | G24: 53 | I24: spell_nature_spiritarmor | J24: https://www.wowhead.com/spell=264735
A25: 1 | B25: Beast Lore | C25: 1462 | D25: Utility | E25: baseline | F25: VERIFIED | G25: 69 | I25: ability_physical_taunt | J25: https://www.wowhead.com/spell=1462
A26: 1 | B26: Binding Shot | C26: 109248 | D26: Crowd control | E26: class | F26: VERIFIED | G26: not placed | I26: spell_shaman_bindelemental | J26: https://www.wowhead.com/spell=109248
... A36: 1 | B36: Tranquilizing Shot | C36: 19801 | D36: Utility | E36: class | F36: VERIFIED | G36: 61 | I36: spell_nature_drowsy | J36: https://www.wowhead.com/spell=19801
A39: Rotation priority (Sentinel, single target) from https://www.wowhead.com/guide/classes/hunter/survival/rotation-cooldowns-pve-dps
A40: 1. Hunter's Mark if not active
A41: 2. Kill Command when out of Tip of the Spear
A42: 3. Boomstick
A43: 4. Wildfire Bomb (on Sentinel's Mark targets or 4-6 s before it recharges)
A44: 5. Kill Command once before Takedown
A45: 6. Takedown with a Tip of the Spear stack
A46: 7. Moonlight Chakram
A47: 8. Raptor Swipe
A48: 9. Raptor Strike
A49: AoE and opener lists were not captured.

Sheet Death Knight - Blood
A1: Bar | B1: Slot | C1: Type | D1: Key 1 | E1: Key 2 | F1: keys reserved for | G1: Importance of slots | H1: Input notes (xlsx Details) | I1: Key reach tier | J1: Priority score | K1: Recommended action | L1: Placed as | M1: ID / macro id | N1: Icon file | O1: Spell rank (1-5) | P1: Reference spec of this class | Q1: - | R1: Reason | S1: Status | T1: xlsx spell (unreliable) | U1: Icon link
A2: Bar 1 | B2: 1 | C2: Spell | D2: 1 | F2: Attack/Heal | G2: 2 | H2: Beast Cleave | I2: =IFERROR(INDEX('Key reach tiers'!$B$2:$B$48,MATCH(D2,'Key reach tiers'!$A$2:$A$48,0)),3) -> 1 | J2: =IF(G2="","",2*I2+G2) -> 4 | K2: Consumption | L2: Spell | M2: 1263824 | N2: inv_axe_2h_artifactmaw_d_01 | O2: 4 | P2: BASE | R2: Consumption, on cooldown. | S2: VERIFIED | T2: Multi-Shot | U2: icon
A3: Bar 1 | B3: 2 | C3: Spell | D3: 2 | F3: Attack/Heal | G3: 1 | I3: =IFERROR(INDEX('Key reach tiers'!$B$2:$B$48,MATCH(D3,'Key reach tiers'!$A$2:$A$48,0)),3) -> 1 | J3: =IF(G3="","",2*I3+G3) -> 3 | K3: Vampiric Strike | L3: Spell | M3: 433895 | N3: inv_ability_sanlayndeathknight_vampiricstrike | O3: 5 | P3: BASE | R3: San'layn filler; UNVERIFIED whether it shares the Heart Strike button in 12.1.5. If it does, this key is redundant. | S3: UNVERIFIED | T3: Kill Command | U3: icon
A4: Bar 1 | B4: 3 | C4: Spell | D4: 3 | F4: Attack/Heal | G4: 1 | I4: =IFERROR(INDEX('Key reach tiers'!$B$2:$B$48,MATCH(D4,'Key reach tiers'!$A$2:$A$48,0)),3) -> 1 | J4: =IF(G4="","",2*I4+G4) -> 3 | K4: Blood Boil | L4: Spell | M4: 50842 | N4: spell_deathknight_bloodboil | O4: 5 | P4: BASE | R4: Blood Boil, applies and refreshes Blood Plague. | S4: VERIFIED | T4: Barbed Shot | U4: icon
A5: Bar 1 | B5: 4 | C5: Spell | D5: 4 | F5: Attack/Heal | G5: 2 | H5: From your BM bar | I5: =IFERROR(INDEX('Key reach tiers'!$B$2:$B$48,MATCH(D5,'Key reach tiers'!$A$2:$A$48,0)),3) -> 1 | J5: =IF(G5="","",2*I5+G5) -> 4 | K5: Marrowrend | L5: Spell | M5: 195182 | N5: ability_deathknight_marrowrend | O5: 5 | P5: BASE | R5: Marrowrend, keeps 5+ Bone Shield stacks. | S5: VERIFIED | T5: Wild Thrash | U5: icon
A6: Bar 1 | B6: 5 | C6: Spell | D6: R | F6: Attack/Heal | G6: 1 | I6: =IFERROR(INDEX('Key reach tiers'!$B$2:$B$48,MATCH(D6,'Key reach tiers'!$A$2:$A$48,0)),3) -> 1 | J6: =IF(G6="","",2*I6+G6) -> 3 | K6: Heart Strike | L6: Spell | M6: 206930 | N6: inv_weapon_shortblade_40 | O6: 5 | P6: BASE | R6: Heart Strike, main rune spender (Wowhead Blood rotation). | S6: VERIFIED | T6: Cobra Shot | U6: icon
A7: Bar 1 | B7: 6 | C7: Spell | D7: F | F7: Attack/Heal | G7: 2 | H7: AoE opener | I7: =IFERROR(INDEX('Key reach tiers'!$B$2:$B$48,MATCH(D7,'Key reach tiers'!$A$2:$A$48,0)),3) -> 1 | J7: =IF(G7="","",2*I7+G7) -> 4 | K7: Death and Decay macro 'DnD' | L7: Macro | M7: 11 | N7: spell_shadow_deathanddecay | O7: 5 | P7: BASE | R7: Death and Decay at the cursor (Sylvana macro 11 'DnD') on F because Blood needs it every Crimson Scourge proc. | S7: VERIFIED | T7: Dire Beast | U7: icon
A8: Bar 1 | B8: 7 | C8: Spell | D8: BUTTON4 | F8: Attack/Heal | G8: 1 | H8: Dark Ranger | I8: =IFERROR(INDEX('Key reach tiers'!$B$2:$B$48,MATCH(D8,'Key reach tiers'!$A$2:$A$48,0)),3) -> 1 | J8: =IF(G8="","",2*I8+G8) -> 3 | K8: Death Strike | L8: Spell | M8: 49998 | N8: spell_deathknight_butcher2 | O8: 5 | P8: BASE | R8: Heal and RP dump for every Death Knight spec; first importance-1 key, same slot in all three specs (rule 3). | S8: VERIFIED | T8: Black Arrow | U8: icon
A9: Bar 1 | B9: 8 | C9: Spell | D9: SHIFT-BUTTON4 | F9: Attack/Heal | G9: 2 | I9: =IFERROR(INDEX('Key reach tiers'!$B$2:$B$48,MATCH(D9,'Key reach tiers'!$A$2:$A$48,0)),3) -> 2 | J9: =IF(G9="","",2*I9+G9) -> 6 | K9: Death's Caress | L9: Spell | M9: 195292 | N9: ability_deathknight_deathscaress | O9: 3 | P9: BASE | R9: Death's Caress, ranged filler/Blood Plague pull. | S9: VERIFIED | T9: Hunter's Mark | U9: icon
A10: Bar 1 | B10: 9 | C10: Spell | D10: V | F10: Utility | G10: 3 | I10: =IFERROR(INDEX('Key reach tiers'!$B$2:$B$48,MATCH(D10,'Key reach tiers'!$A$2:$A$48,0)),3) -> 2 | J10: =IF(G10="","",2*I10+G10) -> 7 | K10: Dark Command | L10: Spell | M10: 56222 | N10: spell_nature_shamanrage | O10: 4 | P10: BASE | R10: Rule: V is always the taunt. Dark Command. | S10: VERIFIED | T10: Tranquilizing Shot | U10: icon
A11: Bar 1 | B11: 10 | C11: Spell | D11: SHIFT-V | F11: Utility | G11: 3 | I11: =IFERROR(INDEX('Key reach tiers'!$B$2:$B$48,MATCH(D11,'Key reach tiers'!$A$2:$A$48,0)),3) -> 3 | J11: =IF(G11="","",2*I11+G11) -> 9 | K11: Raise Dead | L11: Spell | M11: 46585 | N11: inv_pet_ghoul | O11: 2 | P11: BASE | R11: Ghoul/pet summon on SHIFT-V; Unholy needs it every pull. | S11: VERIFIED | T11: Misdirection | U11: icon
A12: Bar 1 | B12: 11 | C12: Item | D12: ALT-MOUSEWHEELUP | F12: Utility | G12: 3 | H12: Unchanged from your BM bar | I12: =IFERROR(INDEX('Key reach tiers'!$B$2:$B$48,MATCH(D12,'Key reach tiers'!$A$2:$A$48,0)),3) -> 3 | J12: =IF(G12="","",2*I12+G12) -> 9 | K12: Interdimensional Companion Repository | L12: Item | M12: 153510 | N12: inv_eng_interdimensionalcompanionrepository | P12: BASE | R12: Shared across every class and spec (confirmed). Keep. | S12: VERIFIED | T12: Item 153510 | U12: icon
A13: Bar 1 | B13: 12 | C13: Item | D13: ALT-MOUSEWHEELDOWN | F13: Utility | G13: 3 | I13: =IFERROR(INDEX('Key reach tiers'!$B$2:$B$48,MATCH(D13,'Key reach tiers'!$A$2:$A$48,0)),3) -> 3 | J13: =IF(G13="","",2*I13+G13) -> 9 | K13: Healthstone | L13: Item | M13: 5512 | N13: warlock_-healthstone | P13: BASE | R13: Shared across every class and spec (confirmed). Keep. | S13: VERIFIED | T13: Healthstone | U13: icon
A14: Bar 2 | B14: 61 | C14: Spell | D14: SHIFT-MOUSEWHEELUP | F14: Utility | G14: 3 | I14: =IFERROR(INDEX('Key reach tiers'!$B$2:$B$48,MATCH(D14,'Key reach tiers'!$A$2:$A$48,0)),3) -> 2 | J14: =IF(G14="","",2*I14+G14) -> 7 | K14: Death Gate | L14: Spell | M14: 50977 | N14: spell_arcane_teleportundercity | O14: 1 | P14: BASE | R14: Death Gate teleport. | S14: VERIFIED | T14: Flare | U14: icon
A15: Bar 2 | B15: 62 | C15: Spell | D15: C | E15: F9 | F15: Crowd control | G15: 3 | I15: =IFERROR(INDEX('Key reach tiers'!$B$2:$B$48,MATCH(D15,'Key reach tiers'!$A$2:$A$48,0)),3) -> 2 | J15: =IF(G15="","",2*I15+G15) -> 7 | K15: Death Grip | L15: Spell | M15: 49576 | N15: spell_deathknight_strangulate | O15: 3 | P15: BASE | R15: Death Grip on C. | S15: VERIFIED | T15: Binding Shot | U15: icon
A16: Bar 2 | B16: 63 | C16: Spell | D16: T | F16: Utility | G16: 3 | I16: =IFERROR(INDEX('Key reach tiers'!$B$2:$B$48,MATCH(D16,'Key reach tiers'!$A$2:$A$48,0)),3) -> 2 | J16: =IF(G16="","",2*I16+G16) -> 7 | K16: (open) | L16: Open | P16: BASE | R16: Nothing useful for this spec on this key; left open. | S16: UNVERIFIED | T16: Camouflage
A17: Bar 2 | B17: 64 | C17: Spell | D17: SHIFT-C | F17: Crowd control | G17: 3 | I17: =IFERROR(INDEX('Key reach tiers'!$B$2:$B$48,MATCH(D17,'Key reach tiers'!$A$2:$A$48,0)),3) -> 3 | J17: =IF(G17="","",2*I17+G17) -> 9 | K17: Blinding Sleet | L17: Spell | M17: 207167 | N17: spell_frost_chillingblast | O17: 2 | P17: BASE | R17: Blinding Sleet on SHIFT-C. | S17: VERIFIED | T17: Freezing Trap | U17: icon
A18: Bar 2 | B18: 65 | C18: Spell | D18: SHIFT-R | F18: Burst | G18: 3 | H18: With racials, trinkets, potion | I18: =IFERROR(INDEX('Key reach tiers'!$B$2:$B$48,MATCH(D18,'Key reach tiers'!$A$2:$A$48,0)),3) -> 2 | J18: =IF(G18="","",2*I18+G18) -> 7 | K18: Dancing Rune Weapon macro 'DRW' | L18: Macro | M18: 43 | N18: inv_sword_07 | O18: 5 | P18: BASE | R18: Rule: SHIFT-R is Burst. Dancing Rune Weapon plus both trinkets (new macro). | S18: VERIFIED | T18: Bestial Wrath | U18: icon
A19: Bar 2 | B19: 66 | C19: Spell | D19: SHIFT-F | F19: Burst | G19: 3 | I19: =IFERROR(INDEX('Key reach tiers'!$B$2:$B$48,MATCH(D19,'Key reach tiers'!$A$2:$A$48,0)),3) -> 2 | J19: =IF(G19="","",2*I19+G19) -> 7 | K19: Abomination Limb | L19: Spell | M19: 315443 | N19: ability_maldraxxus_deathknight | O19: 3 | P19: BASE | R19: Abomination Limb. UNVERIFIED that it is in the current Blood tree. | S19: UNVERIFIED | T19: Call of the Wild | U19: icon
A20: Bar 2 | B20: 67 | C20: Spell | D20: Z | F20: Burst | G20: 3 | I20: =IFERROR(INDEX('Key reach tiers'!$B$2:$B$48,MATCH(D20,'Key reach tiers'!$A$2:$A$48,0)),3) -> 2 | J20: =IF(G20="","",2*I20+G20) -> 7 | K20: (open) | L20: Open | P20: BASE | R20: Reaper's Mark belongs to the Deathbringer hero tree only. | S20: UNVERIFIED | T20: Bloodshed
A21: Bar 2 | B21: 68 | C21: Spell | D21: X | F21: Utility | G21: 3 | I21: =IFERROR(INDEX('Key reach tiers'!$B$2:$B$48,MATCH(D21,'Key reach tiers'!$A$2:$A$48,0)),3) -> 2 | J21: =IF(G21="","",2*I21+G21) -> 7 | K21: (open) | L21: Open | P21: BASE | R21: Nothing useful for this spec on this key; left open. | S21: UNVERIFIED | T21: Tar Trap
A22: Bar 2 | B22: 69 | C22: Spell | F22: Utility | G22: 3 | I22: =IFERROR(INDEX('Key reach tiers'!$B$2:$B$48,MATCH(D22,'Key reach tiers'!$A$2:$A$48,0)),3) -> 3 | J22: =IF(G22="","",2*I22+G22) -> 9 | K22: (open) | L22: Open | P22: BASE | R22: Nothing useful for this spec on this key; left open. | S22: UNVERIFIED | T22: Intimidation
A23: Bar 2 | B23: 70 | C23: Item | D23: 6 | F23: Utility | G23: 3 | H23: Unchanged from your BM bar | I23: =IFERROR(INDEX('Key reach tiers'!$B$2:$B$48,MATCH(D23,'Key reach tiers'!$A$2:$A$48,0)),3) -> 2 | J23: =IF(G23="","",2*I23+G23) -> 7 | K23: Voracious Heart of Ula'tek (trinket) | L23: Item | M23: 270175 | N23: inv_121_trinket_raid_ulatek_heart | P23: BASE | R23: Shared across every class and spec (confirmed); it is a trinket, so check usability per spec. | S23: VERIFIED | T23: Item 270175 | U23: icon
A24: Bar 2 | B24: 71 | C24: Macro | D24: F10 | F24: Utility | G24: 2 | H24: Your pReck macro (Potion of Recklessness for DPS; use a role-appropriate potion on tank/healer) | I24: =IFERROR(INDEX('Key reach tiers'!$B$2:$B$48,MATCH(D24,'Key reach tiers'!$A$2:$A$48,0)),3) -> 1 | J24: =IF(G24="","",2*I24+G24) -> 4 | K24: Potion macro 'pReck' | L24: Macro | M24: 21 | N24: inv_misc_questionmark | P24: BASE | R24: Shared; Potion of Recklessness for DPS (role-appropriate potion for tank/healer). Keep. | S24: VERIFIED | T24: Combat potion
A25: Bar 2 | B25: 72 | C25: Macro | D25: F11 | F25: Utility | G25: 2 | H25: Your pHealth macro | I25: =IFERROR(INDEX('Key reach tiers'!$B$2:$B$48,MATCH(D25,'Key reach tiers'!$A$2:$A$48,0)),3) -> 1 | J25: =IF(G25="","",2*I25+G25) -> 4 | K25: Potion macro 'pHealth' | L25: Macro | M25: 19 | N25: inv_misc_questionmark | P25: BASE | R25: Shared; health potion then Healthstone. Keep. | S25: VERIFIED | T25: Health potion, then Healthstone
A26: Bar 3 | B26: 49 | C26: Spell | D26: MOUSEWHEELUP | F26: Mobility | G26: 2 | I26: =IFERROR(INDEX('Key reach tiers'!$B$2:$B$48,MATCH(D26,'Key reach tiers'!$A$2:$A$48,0)),3) -> 1 | J26: =IF(G26="","",2*I26+G26) -> 4 | K26: Death's Advance | L26: Spell | M26: 48265 | N26: spell_shadow_demonicempathy | O26: 3 | P26: BASE | R26: Only mobility key (mouse wheel up). | S26: VERIFIED | T26: Aspect of the Cheetah | U26: icon
A27: Bar 3 | B27: 50 | C27: Spell | D27: BUTTON5 | F27: Crowd control | G27: 2 | H27: Interrupt | I27: =IFERROR(INDEX('Key reach tiers'!$B$2:$B$48,MATCH(D27,'Key reach tiers'!$A$2:$A$48,0)),3) -> 1 | J27: =IF(G27="","",2*I27+G27) -> 4 | K27: Mind Freeze | L27: Spell | M27: 47528 | N27: spell_deathknight_mindfreeze | O27: 4 | P27: BASE | R27: Interrupt on BUTTON5, same slot as Counter Shot/Muzzle in other classes. | S27: VERIFIED | T27: Counter Shot | U27: icon
A28: Bar 3 | B28: 51 | C28: Macro (new) | D28: SHIFT-BUTTON5 | F28: Crowd control | G28: 2 | H28: #showtooltip Counter Shot / cast [@focus,exists,harm,nodead] Counter Shot | I28: =IFERROR(INDEX('Key reach tiers'!$B$2:$B$48,MATCH(D28,'Key reach tiers'!$A$2:$A$48,0)),3) -> 2 | J28: =IF(G28="","",2*I28+G28) -> 6 | K28: Mind Freeze macro 'MFFocus' | L28: Macro | M28: 39 | N28: spell_deathknight_mindfreeze | O28: 4 | P28: BASE | R28: Focus-target Mind Freeze (new macro). | S28: VERIFIED | T28: Counter Shot on focus | U28: icon
A29: Bar 3 | B29: 52 | C29: Spell | D29: MOUSEWHEELDOWN | F29: Mobility | G29: 2 | I29: =IFERROR(INDEX('Key reach tiers'!$B$2:$B$48,MATCH(D29,'Key reach tiers'!$A$2:$A$48,0)),3) -> 1 | J29: =IF(G29="","",2*I29+G29) -> 4 | K29: (open) | L29: Open | P29: BASE | R29: Nothing useful for this spec on this key; left open. | S29: UNVERIFIED | T29: Aspect of the Turtle
A30: Bar 3 | B30: 53 | C30: Spell | D30: A | F30: Defensive | G30: 2 | I30: =IFERROR(INDEX('Key reach tiers'!$B$2:$B$48,MATCH(D30,'Key reach tiers'!$A$2:$A$48,0)),3) -> 1 | J30: =IF(G30="","",2*I30+G30) -> 4 | K30: Anti-Magic Shell | L30: Spell | M30: 48707 | N30: spell_shadow_antimagicshell | O30: 4 | P30: BASE | R30: Anti-Magic Shell on A. | S30: VERIFIED | T30: Exhilaration | U30: icon
A31: Bar 3 | B31: 54 | C31: Spell | D31: D | F31: Defensive | G31: 2 | I31: =IFERROR(INDEX('Key reach tiers'!$B$2:$B$48,MATCH(D31,'Key reach tiers'!$A$2:$A$48,0)),3) -> 1 | J31: =IF(G31="","",2*I31+G31) -> 4 | K31: Vampiric Blood | L31: Spell | M31: 55233 | N31: spell_shadow_lifedrain | O31: 5 | P31: BASE | R31: Vampiric Blood, the main active tank cooldown. | S31: VERIFIED | T31: Survival of the Fittest | U31: icon
A32: Bar 3 | B32: 55 | C32: Spell | D32: SHIFT-A | F32: Utility | G32: 3 | I32: =IFERROR(INDEX('Key reach tiers'!$B$2:$B$48,MATCH(D32,'Key reach tiers'!$A$2:$A$48,0)),3) -> 3 | J32: =IF(G32="","",2*I32+G32) -> 9 | K32: Raise Ally | L32: Spell | M32: 61999 | N32: spell_shadow_deadofnight | O32: 1 | P32: BASE | R32: Raise Ally (battle resurrection). | S32: VERIFIED | T32: Mend Pet | U32: icon
A33: Bar 3 | B33: 56 | C33: Spell | D33: SHIFT-D | F33: Utility | G33: 2 | I33: =IFERROR(INDEX('Key reach tiers'!$B$2:$B$48,MATCH(D33,'Key reach tiers'!$A$2:$A$48,0)),3) -> 2 | J33: =IF(G33="","",2*I33+G33) -> 6 | K33: Anti-Magic Zone macro 'AMZ' | L33: Macro | M33: 4 | N33: spell_deathknight_antimagiczone | O33: 2 | P33: BASE | R33: Anti-Magic Zone, ground-targeted at the cursor (Sylvana macro 4 'AMZ'). | S33: VERIFIED | T33: Feign Death | U33: icon
A34: Bar 3 | B34: 57 | C34: Spell | D34: SHIFT-MOUSEWHEELDOWN | F34: Defensive | G34: 2 | I34: =IFERROR(INDEX('Key reach tiers'!$B$2:$B$48,MATCH(D34,'Key reach tiers'!$A$2:$A$48,0)),3) -> 2 | J34: =IF(G34="","",2*I34+G34) -> 6 | K34: Icebound Fortitude | L34: Spell | M34: 48792 | N34: spell_deathknight_iceboundfortitude | O34: 4 | P34: BASE | R34: Icebound Fortitude on the mouse wheel. | S34: VERIFIED | T34: Disengage | U34: icon
A35: Bar 3 | B35: 58 | C35: Spell | F35: Utility | G35: 3 | I35: =IFERROR(INDEX('Key reach tiers'!$B$2:$B$48,MATCH(D35,'Key reach tiers'!$A$2:$A$48,0)),3) -> 3 | J35: =IF(G35="","",2*I35+G35) -> 9 | K35: (open) | L35: Open | P35: BASE | R35: Nothing useful for this spec on this key; left open. | S35: UNVERIFIED | T35: Primal Rage
A36: Bar 3 | B36: 59 | C36: Macro (new) | D36: SHIFT-F10 | F36: Utility | G36: 3 | H36: #showtooltip Counter Shot / cleartarget / targetenemy / cast Counter Shot / targetlasttarget | I36: =IFERROR(INDEX('Key reach tiers'!$B$2:$B$48,MATCH(D36,'Key reach tiers'!$A$2:$A$48,0)),3) -> 2 | J36: =IF(G36="","",2*I36+G36) -> 7 | K36: Mind Freeze macro 'AutoMF' | L36: Macro | M36: 40 | N36: spell_deathknight_mindfreeze | O36: 4 | P36: BASE | R36: Auto-target interrupt (new macro). | S36: VERIFIED | T36: Counter Shot on tab target | U36: icon
A37: Bar 3 | B37: 60 | C37: Spell | D37: SHIFT-F11 | F37: Utility | G37: 3 | I37: =IFERROR(INDEX('Key reach tiers'!$B$2:$B$48,MATCH(D37,'Key reach tiers'!$A$2:$A$48,0)),3) -> 2 | J37: =IF(G37="","",2*I37+G37) -> 7 | K37: (open) | L37: Open | P37: BASE | R37: Nothing useful for this spec on this key; left open. | S37: UNVERIFIED | T37: Revive Pet
A38: Bar 4 | B38: 25 | C38: Item | D38: ALT-0 | F38: Cross char utility | H38: Name not resolved | I38: =IFERROR(INDEX('Key reach tiers'!$B$2:$B$48,MATCH(D38,'Key reach tiers'!$A$2:$A$48,0)),3) -> 3 | J38: =IF(G38="","",2*I38+G38) | K38: Corewarden's Hearthstone | L38: Item | M38: 265100 | N38: inv_cosmicvoid_groundsate | P38: BASE | R38: Bar 4 is fixed for all classes and specs. Keep. | S38: VERIFIED | T38: Item 265100 | U38: icon
A39: Bar 4 | B39: 26 | C39: Item | D39: ALT-1 | F39: Cross char utility | H39: Item 140192 | I39: =IFERROR(INDEX('Key reach tiers'!$B$2:$B$48,MATCH(D39,'Key reach tiers'!$A$2:$A$48,0)),3) -> 3 | J39: =IF(G39="","",2*I39+G39) | K39: Dalaran Hearthstone | L39: Item | M39: 140192 | N39: inv_misc_rune_15 | P39: BASE | R39: Bar 4 is fixed for all classes and specs. Keep. | S39: VERIFIED | T39: Dalaran Hearthstone | U39: icon
A40: Bar 4 | B40: 27 | C40: Item | D40: ALT-2 | F40: Cross char utility | H40: Name not resolved | I40: =IFERROR(INDEX('Key reach tiers'!$B$2:$B$48,MATCH(D40,'Key reach tiers'!$A$2:$A$48,0)),3) -> 3 | J40: =IF(G40="","",2*I40+G40) | K40: Personal Key to the Arcantina | L40: Item | M40: 253629 | N40: inv_12_-arcantina_key | P40: BASE | R40: Bar 4 is fixed for all classes and specs. Keep. | S40: VERIFIED | T40: Item 253629 | U40: icon
A41: Bar 4 | B41: 28 | C41: Mount | D41: ALT-3 | F41: Cross char utility | H41: Mount ID 460 | I41: =IFERROR(INDEX('Key reach tiers'!$B$2:$B$48,MATCH(D41,'Key reach tiers'!$A$2:$A$48,0)),3) -> 2 | J41: =IF(G41="","",2*I41+G41) | K41: Mount: Grand Expedition Yak | L41: Mount | M41: 460 | N41: ability_mount_yak | P41: BASE | R41: Bar 4 is fixed for all classes and specs. Keep. | S41: VERIFIED | T41: Grand Expedition Yak | U41: icon
A42: Bar 4 | B42: 29 | C42: Mount | D42: ALT-4 | F42: Cross char utility | H42: Name not resolved | I42: =IFERROR(INDEX('Key reach tiers'!$B$2:$B$48,MATCH(D42,'Key reach tiers'!$A$2:$A$48,0)),3) -> 2 | J42: =IF(G42="","",2*I42+G42) | K42: Mount: Trader's Gilded Brutosaur | L42: Mount | M42: 2265 | N42: ability_mount_mammoth_brown | P42: BASE | R42: Bar 4 is fixed for all classes and specs. Keep. (icon file not looked up) | S42: VERIFIED | T42: Mount ID 2265 | U42: icon
A43: Bar 4 | B43: 30 | C43: Macro (blank name) | D43: ALT-SHIFT-3 | F43: Cross char utility | H43: Dragonriding mount-up; dismounts if mounted | I43: =IFERROR(INDEX('Key reach tiers'!$B$2:$B$48,MATCH(D43,'Key reach tiers'!$A$2:$A$48,0)),3) -> 2 | J43: =IF(G43="","",2*I43+G43) | K43: Soar mount-up macro (macro 1) | L43: Macro | M43: 1 | N43: ability_dragonriding_forwardflap01 | P43: BASE | R43: Bar 4 is fixed for all classes and specs. Keep. | S43: VERIFIED | T43: Soar | U43: icon
A44: Bar 4 | B44: 31 | C44: Companion | D44: ALT-SHIFT-4 | F44: Cross char utility | H44: Name not resolved | I44: =IFERROR(INDEX('Key reach tiers'!$B$2:$B$48,MATCH(D44,'Key reach tiers'!$A$2:$A$48,0)),3) -> 2 | J44: =IF(G44="","",2*I44+G44) | K44: Companion: Tuskarr Hermit Crab | L44: Companion | M44: 1293028 | N44: inv_misc_questionmark | P44: BASE | R44: Bar 4 is fixed for all classes and specs. Keep. (icon file not looked up) | S44: VERIFIED | T44: Companion ID 1293028
A45: Bar 4 | B45: 32 | C45: Macro: portions | D45: ALT-5 | F45: Cross char utility | H45: Plumber drawer, 5 potions | I45: =IFERROR(INDEX('Key reach tiers'!$B$2:$B$48,MATCH(D45,'Key reach tiers'!$A$2:$A$48,0)),3) -> 3 | J45: =IF(G45="","",2*I45+G45) | K45: Potion drawer macro 'portions' | L45: Macro | M45: 20 | N45: inv_potion_54 | P45: BASE | R45: Bar 4 is fixed for all classes and specs. Keep. | S45: VERIFIED | T45: Potion drawer | U45: icon
A46: Bar 4 | B46: 33 | C46: Macro: toys | D46: ALT-6 | F46: Cross char utility | H46: Plumber drawer, 7 toys | I46: =IFERROR(INDEX('Key reach tiers'!$B$2:$B$48,MATCH(D46,'Key reach tiers'!$A$2:$A$48,0)),3) -> 3 | J46: =IF(G46="","",2*I46+G46) | K46: Toy drawer macro 'toys' | L46: Macro | M46: 30 | N46: inv_misc_toy_07 | P46: BASE | R46: Bar 4 is fixed for all classes and specs. Keep. | S46: VERIFIED | T46: Toy drawer | U46: icon
A47: Bar 4 | B47: 34 | C47: Flyout | D47: ALT-7 | F47: Cross char utility | H47: Only the number is stored in the export | I47: =IFERROR(INDEX('Key reach tiers'!$B$2:$B$48,MATCH(D47,'Key reach tiers'!$A$2:$A$48,0)),3) -> 3 | J47: =IF(G47="","",2*I47+G47) | K47: Warband Bank Distance Inhibitor | L47: Item | M47: 216665 | N47: inv_cosmicvoid_orb | P47: BASE | R47: Your choice. Name and icon verified on Wowhead; the tooltip lists no use effect, so its behaviour is unverified. | S47: UNVERIFIED | T47: Flyout 244 | U47: icon
A48: Bar 4 | B48: 35 | C48: Spell | D48: ALT-8 | F48: Cross char utility | H48: Duplicate of slot 69 | I48: =IFERROR(INDEX('Key reach tiers'!$B$2:$B$48,MATCH(D48,'Key reach tiers'!$A$2:$A$48,0)),3) -> 3 | J48: =IF(G48="","",2*I48+G48) | K48: Teleport Home (housing) | L48: Spell | M48: 1233637 | N48: inv_misc_rune_01 | P48: BASE | R48: Recommended: account-wide utility; only works for characters that own a home. | S48: VERIFIED | T48: Beast Lore | U48: icon
A49: Bar 4 | B49: 36 | C49: Empty | D49: ALT-9 | F49: Cross char utility | I49: =IFERROR(INDEX('Key reach tiers'!$B$2:$B$48,MATCH(D49,'Key reach tiers'!$A$2:$A$48,0)),3) -> 3 | J49: =IF(G49="","",2*I49+G49) | K49: Hero's Path: Midnight Season 2 (flyout 244) | L49: Flyout | M49: 244 | N49: inv_misc_questionmark | P49: BASE | R49: Recommended: kept from your bar, moved from slot 34; wago.tools shows ClassMask -1 (all classes). | S49: VERIFIED
A51: Totals: BASE 48.
A52: Hero tree on this sheet: San'layn. Wowhead Mythic+ builds; San'layn is marked (Best).
A53: Talent string, San'layn (Wowhead Mythic+): CoPAAAAAAAAAAAAAAAAAAAAAAwMzyMzMmxMzMMLzMz0MLGjxMGAAAAwMmZmZmZYGDAYmZmZGAAADMwMW0YZBklBsBYGzAAAmZghB (zero tree hash; in-game acceptance UNVERIFIED)
A54: Talent string, Deathbringer (Wowhead Mythic+): CoPAAAAAAAAAAAAAAAAAAAAAAwMzyMzMmxMzMMLzMz0MLGjxMGAAAAwMmZmZmZYGDAYmZmZGAAgxsNwAWCWGmADLAmxMAAMzAYYA (zero tree hash; in-game acceptance UNVERIFIED)
A55: If you switch to Deathbringer: slot 67 becomes Reaper's Mark

Sheet Death Knight Blood spells
A1: Rank (5 = most used) | B1: Spell | C1: Spell ID | D1: Category | E1: Tree | F1: Status | G1: Placed in slot(s) | H1: Note | I1: Icon file | J1: Wowhead link
A2: 5 | B2: Blood Boil | C2: 50842 | D2: Attack/Heal | E2: spec | F2: VERIFIED | G2: 3 | H2: Blood Boil, applies and refreshes Blood Plague. | I2: spell_deathknight_bloodboil | J2: https://www.wowhead.com/spell=50842
A3: 5 | B3: Dancing Rune Weapon | C3: 49028 | D3: Burst | E3: spec | F3: VERIFIED | G3: 65 | H3: Rule: SHIFT-R is Burst. Dancing Rune Weapon plus both trinkets (new macro). | I3: inv_sword_07 | J3: https://www.wowhead.com/spell=49028
A4: 5 | B4: Death Strike | C4: 49998 | D4: Attack/Heal | E4: spec | F4: VERIFIED | G4: 7 | H4: Heal and RP dump for every Death Knight spec; first importance-1 key, same slot in all three specs (rule 3). | I4: spell_deathknight_butcher2 | J4: https://www.wowhead.com/spell=49998
A5: 5 | B5: Death and Decay | C5: 43265 | D5: Attack/Heal | E5: spec | F5: VERIFIED | G5: 6 | H5: Death and Decay at the cursor (Sylvana macro 11 'DnD') on F because Blood needs it every Crimson Scourge proc. | I5: spell_shadow_deathanddecay | J5: https://www.wowhead.com/spell=43265
A6: 5 | B6: Heart Strike | C6: 206930 | D6: Attack/Heal | E6: spec | F6: VERIFIED | G6: 5 | H6: Heart Strike, main rune spender (Wowhead Blood rotation). | I6: inv_weapon_shortblade_40 | J6: https://www.wowhead.com/spell=206930
A7: 5 | B7: Marrowrend | C7: 195182 | D7: Attack/Heal | E7: spec | F7: VERIFIED | G7: 4 | H7: Marrowrend, keeps 5+ Bone Shield stacks. | I7: ability_deathknight_marrowrend | J7: https://www.wowhead.com/spell=195182
A8: 5 | B8: Vampiric Blood | C8: 55233 | D8: Defensive | E8: spec | F8: VERIFIED | G8: 54 | H8: Vampiric Blood, the main active tank cooldown. | I8: spell_shadow_lifedrain | J8: https://www.wowhead.com/spell=55233
A9: 5 | B9: Vampiric Strike | C9: 433895 | D9: Attack/Heal | E9: hero:San'layn | F9: UNVERIFIED | G9: 2 | H9: San'layn filler; UNVERIFIED whether it shares the Heart Strike button in 12.1.5. If it does, this key is redundant. | I9: inv_ability_sanlayndeathknight_vampiricstrike | J9: https://www.wowhead.com/spell=433895
A10: 4 | B10: Anti-Magic Shell | C10: 48707 | D10: Defensive | E10: spec | F10: VERIFIED | G10: 53 | H10: Anti-Magic Shell on A. | I10: spell_shadow_antimagicshell | J10: https://www.wowhead.com/spell=48707
A11: 4 | B11: Consumption | C11: 1263824 | D11: Attack/Heal | E11: spec | F11: VERIFIED | G11: 1 | H11: Consumption, on cooldown. | I11: inv_axe_2h_artifactmaw_d_01 | J11: https://www.wowhead.com/spell=1263824
A12: 4 | B12: Dark Command | C12: 56222 | D12: Utility | E12: spec | F12: VERIFIED | G12: 9 | H12: Rule: V is always the taunt. Dark Command. | I12: spell_nature_shamanrage | J12: https://www.wowhead.com/spell=56222
A13: 4 | B13: Icebound Fortitude | C13: 48792 | D13: Defensive | E13: spec | F13: VERIFIED | G13: 57 | H13: Icebound Fortitude on the mouse wheel. | I13: spell_deathknight_iceboundfortitude | J13: https://www.wowhead.com/spell=48792
... A27: 1 | B27: Raise Ally | C27: 61999 | D27: Utility | E27: spec | F27: VERIFIED | G27: 55 | H27: Raise Ally (battle resurrection). | I27: spell_shadow_deadofnight | J27: https://www.wowhead.com/spell=61999

Sheet Death Knight - Frost
A1: Bar | B1: Slot | C1: Type | D1: Key 1 | E1: Key 2 | F1: keys reserved for | G1: Importance of slots | H1: Input notes (xlsx Details) | I1: Key reach tier | J1: Priority score | K1: Recommended action | L1: Placed as | M1: ID / macro id | N1: Icon file | O1: Spell rank (1-5) | P1: vs Blood | Q1: Blood has | R1: Reason | S1: Status | T1: xlsx spell (unreliable) | U1: Icon link
A2: Bar 1 | B2: 1 | C2: Spell | D2: 1 | F2: Attack/Heal | G2: 2 | H2: Beast Cleave | I2: =IFERROR(INDEX('Key reach tiers'!$B$2:$B$48,MATCH(D2,'Key reach tiers'!$A$2:$A$48,0)),3) -> 1 | J2: =IF(G2="","",2*I2+G2) -> 4 | K2: Death Strike | L2: Spell | M2: 49998 | N2: spell_deathknight_butcher2 | O2: 5 | P2: DIFFERENT | Q2: Consumption | R2: Heal and RP dump for every Death Knight spec; first importance-1 key, same slot in all three specs (rule 3). | S2: VERIFIED | T2: Multi-Shot | U2: icon
A3: Bar 1 | B3: 2 | C3: Spell | D3: 2 | F3: Attack/Heal | G3: 1 | I3: =IFERROR(INDEX('Key reach tiers'!$B$2:$B$48,MATCH(D3,'Key reach tiers'!$A$2:$A$48,0)),3) -> 1 | J3: =IF(G3="","",2*I3+G3) -> 3 | K3: Frostscythe | L3: Spell | M3: 207230 | N3: inv12_ability_deathknight_frostscythe | O3: 4 | P3: DIFFERENT | Q3: Vampiric Strike | R3: Frostscythe, AoE replacement for Obliterate. | S3: VERIFIED | T3: Kill Command | U3: icon
A4: Bar 1 | B4: 3 | C4: Spell | D4: 3 | F4: Attack/Heal | G4: 1 | I4: =IFERROR(INDEX('Key reach tiers'!$B$2:$B$48,MATCH(D4,'Key reach tiers'!$A$2:$A$48,0)),3) -> 1 | J4: =IF(G4="","",2*I4+G4) -> 3 | K4: Howling Blast | L4: Spell | M4: 49184 | N4: spell_frost_arcticwinds | O4: 5 | P4: DIFFERENT | Q4: Blood Boil | R4: Howling Blast, Rime procs and Frost Fever. | S4: VERIFIED | T4: Barbed Shot | U4: icon
A5: Bar 1 | B5: 4 | C5: Spell | D5: 4 | F5: Attack/Heal | G5: 2 | H5: From your BM bar | I5: =IFERROR(INDEX('Key reach tiers'!$B$2:$B$48,MATCH(D5,'Key reach tiers'!$A$2:$A$48,0)),3) -> 1 | J5: =IF(G5="","",2*I5+G5) -> 4 | K5: Empower Rune Weapon | L5: Spell | M5: 47568 | N5: inv_sword_62 | O5: 4 | P5: DIFFERENT | Q5: Marrowrend | R5: Empower Rune Weapon, two charges. | S5: VERIFIED | T5: Wild Thrash | U5: icon
A6: Bar 1 | B6: 5 | C6: Spell | D6: R | F6: Attack/Heal | G6: 1 | I6: =IFERROR(INDEX('Key reach tiers'!$B$2:$B$48,MATCH(D6,'Key reach tiers'!$A$2:$A$48,0)),3) -> 1 | J6: =IF(G6="","",2*I6+G6) -> 3 | K6: Obliterate | L6: Spell | M6: 49020 | N6: spell_deathknight_classicon | O6: 5 | P6: DIFFERENT | Q6: Heart Strike | R6: Obliterate, core rune spender. | S6: VERIFIED | T6: Cobra Shot | U6: icon
A7: Bar 1 | B7: 6 | C7: Spell | D7: F | F7: Attack/Heal | G7: 2 | H7: AoE opener | I7: =IFERROR(INDEX('Key reach tiers'!$B$2:$B$48,MATCH(D7,'Key reach tiers'!$A$2:$A$48,0)),3) -> 1 | J7: =IF(G7="","",2*I7+G7) -> 4 | K7: Glacial Advance | L7: Spell | M7: 194913 | N7: ability_hunter_glacialtrap | O7: 4 | P7: DIFFERENT | Q7: Death and Decay macro 'DnD' | R7: Glacial Advance, AoE replacement for Frost Strike. | S7: VERIFIED | T7: Dire Beast | U7: icon
A8: Bar 1 | B8: 7 | C8: Spell | D8: BUTTON4 | F8: Attack/Heal | G8: 1 | H8: Dark Ranger | I8: =IFERROR(INDEX('Key reach tiers'!$B$2:$B$48,MATCH(D8,'Key reach tiers'!$A$2:$A$48,0)),3) -> 1 | J8: =IF(G8="","",2*I8+G8) -> 3 | K8: Frost Strike | L8: Spell | M8: 49143 | N8: spell_deathknight_empowerruneblade2 | O8: 5 | P8: DIFFERENT | Q8: Death Strike | R8: Frost Strike, the RP spender. | S8: VERIFIED | T8: Black Arrow | U8: icon
A9: Bar 1 | B9: 8 | C9: Spell | D9: SHIFT-BUTTON4 | F9: Attack/Heal | G9: 2 | I9: =IFERROR(INDEX('Key reach tiers'!$B$2:$B$48,MATCH(D9,'Key reach tiers'!$A$2:$A$48,0)),3) -> 2 | J9: =IF(G9="","",2*I9+G9) -> 6 | K9: Reaper's Mark | L9: Spell | M9: 439843 | N9: inv_ability_deathbringerdeathknight_reapersmark | O9: 4 | P9: DIFFERENT | Q9: Death's Caress | R9: Reaper's Mark (Deathbringer, Wowhead Best hero). Exception: a cooldown in an attack slot because slots 1-8 are full. | S9: VERIFIED | T9: Hunter's Mark | U9: icon
A10: Bar 1 | B10: 9 | C10: Spell | D10: V | F10: Utility | G10: 3 | I10: =IFERROR(INDEX('Key reach tiers'!$B$2:$B$48,MATCH(D10,'Key reach tiers'!$A$2:$A$48,0)),3) -> 2 | J10: =IF(G10="","",2*I10+G10) -> 7 | K10: (open) | L10: Open | P10: DIFFERENT | Q10: Dark Command | R10: Rule: V is always the taunt; Frost and Unholy have no taunt, left open. | S10: UNVERIFIED | T10: Tranquilizing Shot
A11: Bar 1 | B11: 10 | C11: Spell | D11: SHIFT-V | F11: Utility | G11: 3 | I11: =IFERROR(INDEX('Key reach tiers'!$B$2:$B$48,MATCH(D11,'Key reach tiers'!$A$2:$A$48,0)),3) -> 3 | J11: =IF(G11="","",2*I11+G11) -> 9 | K11: Raise Dead | L11: Spell | M11: 46585 | N11: inv_pet_ghoul | O11: 2 | P11: SAME | Q11: Raise Dead | R11: Same as Blood. | S11: VERIFIED | T11: Misdirection | U11: icon
A12: Bar 1 | B12: 11 | C12: Item | D12: ALT-MOUSEWHEELUP | F12: Utility | G12: 3 | H12: Unchanged from your BM bar | I12: =IFERROR(INDEX('Key reach tiers'!$B$2:$B$48,MATCH(D12,'Key reach tiers'!$A$2:$A$48,0)),3) -> 3 | J12: =IF(G12="","",2*I12+G12) -> 9 | K12: Interdimensional Companion Repository | L12: Item | M12: 153510 | N12: inv_eng_interdimensionalcompanionrepository | P12: SAME | Q12: Interdimensional Companion Repository | R12: Same as Blood. | S12: VERIFIED | T12: Item 153510 | U12: icon
A13: Bar 1 | B13: 12 | C13: Item | D13: ALT-MOUSEWHEELDOWN | F13: Utility | G13: 3 | I13: =IFERROR(INDEX('Key reach tiers'!$B$2:$B$48,MATCH(D13,'Key reach tiers'!$A$2:$A$48,0)),3) -> 3 | J13: =IF(G13="","",2*I13+G13) -> 9 | K13: Healthstone | L13: Item | M13: 5512 | N13: warlock_-healthstone | P13: SAME | Q13: Healthstone | R13: Same as Blood. | S13: VERIFIED | T13: Healthstone | U13: icon
A14: Bar 2 | B14: 61 | C14: Spell | D14: SHIFT-MOUSEWHEELUP | F14: Utility | G14: 3 | I14: =IFERROR(INDEX('Key reach tiers'!$B$2:$B$48,MATCH(D14,'Key reach tiers'!$A$2:$A$48,0)),3) -> 2 | J14: =IF(G14="","",2*I14+G14) -> 7 | K14: Death Gate | L14: Spell | M14: 50977 | N14: spell_arcane_teleportundercity | O14: 1 | P14: SAME | Q14: Death Gate | R14: Same as Blood. | S14: VERIFIED | T14: Flare | U14: icon
A15: Bar 2 | B15: 62 | C15: Spell | D15: C | E15: F9 | F15: Crowd control | G15: 3 | I15: =IFERROR(INDEX('Key reach tiers'!$B$2:$B$48,MATCH(D15,'Key reach tiers'!$A$2:$A$48,0)),3) -> 2 | J15: =IF(G15="","",2*I15+G15) -> 7 | K15: Death Grip | L15: Spell | M15: 49576 | N15: spell_deathknight_strangulate | O15: 3 | P15: SAME | Q15: Death Grip | R15: Same as Blood. | S15: VERIFIED | T15: Binding Shot | U15: icon
A16: Bar 2 | B16: 63 | C16: Spell | D16: T | F16: Utility | G16: 3 | I16: =IFERROR(INDEX('Key reach tiers'!$B$2:$B$48,MATCH(D16,'Key reach tiers'!$A$2:$A$48,0)),3) -> 2 | J16: =IF(G16="","",2*I16+G16) -> 7 | K16: (open) | L16: Open | P16: SAME | Q16: (open) | R16: Same as Blood. | S16: UNVERIFIED | T16: Camouflage
A17: Bar 2 | B17: 64 | C17: Spell | D17: SHIFT-C | F17: Crowd control | G17: 3 | I17: =IFERROR(INDEX('Key reach tiers'!$B$2:$B$48,MATCH(D17,'Key reach tiers'!$A$2:$A$48,0)),3) -> 3 | J17: =IF(G17="","",2*I17+G17) -> 9 | K17: Blinding Sleet | L17: Spell | M17: 207167 | N17: spell_frost_chillingblast | O17: 2 | P17: SAME | Q17: Blinding Sleet | R17: Same as Blood. | S17: VERIFIED | T17: Freezing Trap | U17: icon
A18: Bar 2 | B18: 65 | C18: Spell | D18: SHIFT-R | F18: Burst | G18: 3 | H18: With racials, trinkets, potion | I18: =IFERROR(INDEX('Key reach tiers'!$B$2:$B$48,MATCH(D18,'Key reach tiers'!$A$2:$A$48,0)),3) -> 2 | J18: =IF(G18="","",2*I18+G18) -> 7 | K18: Pillar of Frost macro 'Pillar' | L18: Macro | M18: 41 | N18: ability_deathknight_pillaroffrost | O18: 5 | P18: DIFFERENT | Q18: Dancing Rune Weapon macro 'DRW' | R18: Rule: SHIFT-R is Burst. Pillar of Frost plus both trinkets (new macro). | S18: VERIFIED | T18: Bestial Wrath | U18: icon
A19: Bar 2 | B19: 66 | C19: Spell | D19: SHIFT-F | F19: Burst | G19: 3 | I19: =IFERROR(INDEX('Key reach tiers'!$B$2:$B$48,MATCH(D19,'Key reach tiers'!$A$2:$A$48,0)),3) -> 2 | J19: =IF(G19="","",2*I19+G19) -> 7 | K19: Breath of Sindragosa | L19: Spell | M19: 1249658 | N19: spell_deathknight_breathofsindragosa | O19: 4 | P19: DIFFERENT | Q19: Abomination Limb | R19: Breath of Sindragosa. | S19: VERIFIED | T19: Call of the Wild | U19: icon
A20: Bar 2 | B20: 67 | C20: Spell | D20: Z | F20: Burst | G20: 3 | I20: =IFERROR(INDEX('Key reach tiers'!$B$2:$B$48,MATCH(D20,'Key reach tiers'!$A$2:$A$48,0)),3) -> 2 | J20: =IF(G20="","",2*I20+G20) -> 7 | K20: Frostwyrm's Fury | L20: Spell | M20: 279302 | N20: achievement_boss_sindragosa | O20: 4 | P20: DIFFERENT | Q20: (open) | R20: Frostwyrm's Fury. | S20: VERIFIED | T20: Bloodshed | U20: icon
A21: Bar 2 | B21: 68 | C21: Spell | D21: X | F21: Utility | G21: 3 | I21: =IFERROR(INDEX('Key reach tiers'!$B$2:$B$48,MATCH(D21,'Key reach tiers'!$A$2:$A$48,0)),3) -> 2 | J21: =IF(G21="","",2*I21+G21) -> 7 | K21: (open) | L21: Open | P21: SAME | Q21: (open) | R21: Same as Blood. | S21: UNVERIFIED | T21: Tar Trap
A22: Bar 2 | B22: 69 | C22: Spell | F22: Utility | G22: 3 | I22: =IFERROR(INDEX('Key reach tiers'!$B$2:$B$48,MATCH(D22,'Key reach tiers'!$A$2:$A$48,0)),3) -> 3 | J22: =IF(G22="","",2*I22+G22) -> 9 | K22: (open) | L22: Open | P22: SAME | Q22: (open) | R22: Same as Blood. | S22: UNVERIFIED | T22: Intimidation
A23: Bar 2 | B23: 70 | C23: Item | D23: 6 | F23: Utility | G23: 3 | H23: Unchanged from your BM bar | I23: =IFERROR(INDEX('Key reach tiers'!$B$2:$B$48,MATCH(D23,'Key reach tiers'!$A$2:$A$48,0)),3) -> 2 | J23: =IF(G23="","",2*I23+G23) -> 7 | K23: Voracious Heart of Ula'tek (trinket) | L23: Item | M23: 270175 | N23: inv_121_trinket_raid_ulatek_heart | P23: SAME | Q23: Voracious Heart of Ula'tek (trinket) | R23: Same as Blood. | S23: VERIFIED | T23: Item 270175 | U23: icon
A24: Bar 2 | B24: 71 | C24: Macro | D24: F10 | F24: Utility | G24: 2 | H24: Your pReck macro (Potion of Recklessness for DPS; use a role-appropriate potion on tank/healer) | I24: =IFERROR(INDEX('Key reach tiers'!$B$2:$B$48,MATCH(D24,'Key reach tiers'!$A$2:$A$48,0)),3) -> 1 | J24: =IF(G24="","",2*I24+G24) -> 4 | K24: Potion macro 'pReck' | L24: Macro | M24: 21 | N24: inv_misc_questionmark | P24: SAME | Q24: Potion macro 'pReck' | R24: Same as Blood. | S24: VERIFIED | T24: Combat potion
A25: Bar 2 | B25: 72 | C25: Macro | D25: F11 | F25: Utility | G25: 2 | H25: Your pHealth macro | I25: =IFERROR(INDEX('Key reach tiers'!$B$2:$B$48,MATCH(D25,'Key reach tiers'!$A$2:$A$48,0)),3) -> 1 | J25: =IF(G25="","",2*I25+G25) -> 4 | K25: Potion macro 'pHealth' | L25: Macro | M25: 19 | N25: inv_misc_questionmark | P25: SAME | Q25: Potion macro 'pHealth' | R25: Same as Blood. | S25: VERIFIED | T25: Health potion, then Healthstone
A26: Bar 3 | B26: 49 | C26: Spell | D26: MOUSEWHEELUP | F26: Mobility | G26: 2 | I26: =IFERROR(INDEX('Key reach tiers'!$B$2:$B$48,MATCH(D26,'Key reach tiers'!$A$2:$A$48,0)),3) -> 1 | J26: =IF(G26="","",2*I26+G26) -> 4 | K26: Death's Advance | L26: Spell | M26: 48265 | N26: spell_shadow_demonicempathy | O26: 3 | P26: SAME | Q26: Death's Advance | R26: Same as Blood. | S26: VERIFIED | T26: Aspect of the Cheetah | U26: icon
A27: Bar 3 | B27: 50 | C27: Spell | D27: BUTTON5 | F27: Crowd control | G27: 2 | H27: Interrupt | I27: =IFERROR(INDEX('Key reach tiers'!$B$2:$B$48,MATCH(D27,'Key reach tiers'!$A$2:$A$48,0)),3) -> 1 | J27: =IF(G27="","",2*I27+G27) -> 4 | K27: Mind Freeze | L27: Spell | M27: 47528 | N27: spell_deathknight_mindfreeze | O27: 4 | P27: SAME | Q27: Mind Freeze | R27: Same as Blood. | S27: VERIFIED | T27: Counter Shot | U27: icon
A28: Bar 3 | B28: 51 | C28: Macro (new) | D28: SHIFT-BUTTON5 | F28: Crowd control | G28: 2 | H28: #showtooltip Counter Shot / cast [@focus,exists,harm,nodead] Counter Shot | I28: =IFERROR(INDEX('Key reach tiers'!$B$2:$B$48,MATCH(D28,'Key reach tiers'!$A$2:$A$48,0)),3) -> 2 | J28: =IF(G28="","",2*I28+G28) -> 6 | K28: Mind Freeze macro 'MFFocus' | L28: Macro | M28: 39 | N28: spell_deathknight_mindfreeze | O28: 4 | P28: SAME | Q28: Mind Freeze macro 'MFFocus' | R28: Same as Blood. | S28: VERIFIED | T28: Counter Shot on focus | U28: icon
A29: Bar 3 | B29: 52 | C29: Spell | D29: MOUSEWHEELDOWN | F29: Mobility | G29: 2 | I29: =IFERROR(INDEX('Key reach tiers'!$B$2:$B$48,MATCH(D29,'Key reach tiers'!$A$2:$A$48,0)),3) -> 1 | J29: =IF(G29="","",2*I29+G29) -> 4 | K29: (open) | L29: Open | P29: SAME | Q29: (open) | R29: Same as Blood. | S29: UNVERIFIED | T29: Aspect of the Turtle
A30: Bar 3 | B30: 53 | C30: Spell | D30: A | F30: Defensive | G30: 2 | I30: =IFERROR(INDEX('Key reach tiers'!$B$2:$B$48,MATCH(D30,'Key reach tiers'!$A$2:$A$48,0)),3) -> 1 | J30: =IF(G30="","",2*I30+G30) -> 4 | K30: Anti-Magic Shell | L30: Spell | M30: 48707 | N30: spell_shadow_antimagicshell | O30: 4 | P30: SAME | Q30: Anti-Magic Shell | R30: Same as Blood. | S30: VERIFIED | T30: Exhilaration | U30: icon
A31: Bar 3 | B31: 54 | C31: Spell | D31: D | F31: Defensive | G31: 2 | I31: =IFERROR(INDEX('Key reach tiers'!$B$2:$B$48,MATCH(D31,'Key reach tiers'!$A$2:$A$48,0)),3) -> 1 | J31: =IF(G31="","",2*I31+G31) -> 4 | K31: Death Pact | L31: Spell | M31: 48743 | N31: spell_shadow_deathpact | O31: 2 | P31: DIFFERENT | Q31: Vampiric Blood | R31: Death Pact. | S31: VERIFIED | T31: Survival of the Fittest | U31: icon
A32: Bar 3 | B32: 55 | C32: Spell | D32: SHIFT-A | F32: Utility | G32: 3 | I32: =IFERROR(INDEX('Key reach tiers'!$B$2:$B$48,MATCH(D32,'Key reach tiers'!$A$2:$A$48,0)),3) -> 3 | J32: =IF(G32="","",2*I32+G32) -> 9 | K32: Death and Decay macro 'DnD' | L32: Macro | M32: 11 | N32: spell_shadow_deathanddecay | O32: 1 | P32: DIFFERENT | Q32: Raise Ally | R32: Death and Decay at the cursor (macro 11). Frost uses it little, so it sits on a low-reach key. | S32: VERIFIED | T32: Mend Pet | U32: icon
A33: Bar 3 | B33: 56 | C33: Spell | D33: SHIFT-D | F33: Utility | G33: 2 | I33: =IFERROR(INDEX('Key reach tiers'!$B$2:$B$48,MATCH(D33,'Key reach tiers'!$A$2:$A$48,0)),3) -> 2 | J33: =IF(G33="","",2*I33+G33) -> 6 | K33: Anti-Magic Zone macro 'AMZ' | L33: Macro | M33: 4 | N33: spell_deathknight_antimagiczone | O33: 2 | P33: SAME | Q33: Anti-Magic Zone macro 'AMZ' | R33: Same as Blood. | S33: VERIFIED | T33: Feign Death | U33: icon
A34: Bar 3 | B34: 57 | C34: Spell | D34: SHIFT-MOUSEWHEELDOWN | F34: Defensive | G34: 2 | I34: =IFERROR(INDEX('Key reach tiers'!$B$2:$B$48,MATCH(D34,'Key reach tiers'!$A$2:$A$48,0)),3) -> 2 | J34: =IF(G34="","",2*I34+G34) -> 6 | K34: Icebound Fortitude | L34: Spell | M34: 48792 | N34: spell_deathknight_iceboundfortitude | O34: 4 | P34: SAME | Q34: Icebound Fortitude | R34: Same as Blood. | S34: VERIFIED | T34: Disengage | U34: icon
A35: Bar 3 | B35: 58 | C35: Spell | F35: Utility | G35: 3 | I35: =IFERROR(INDEX('Key reach tiers'!$B$2:$B$48,MATCH(D35,'Key reach tiers'!$A$2:$A$48,0)),3) -> 3 | J35: =IF(G35="","",2*I35+G35) -> 9 | K35: (open) | L35: Open | P35: SAME | Q35: (open) | R35: Same as Blood. | S35: UNVERIFIED | T35: Primal Rage
A36: Bar 3 | B36: 59 | C36: Macro (new) | D36: SHIFT-F10 | F36: Utility | G36: 3 | H36: #showtooltip Counter Shot / cleartarget / targetenemy / cast Counter Shot / targetlasttarget | I36: =IFERROR(INDEX('Key reach tiers'!$B$2:$B$48,MATCH(D36,'Key reach tiers'!$A$2:$A$48,0)),3) -> 2 | J36: =IF(G36="","",2*I36+G36) -> 7 | K36: Mind Freeze macro 'AutoMF' | L36: Macro | M36: 40 | N36: spell_deathknight_mindfreeze | O36: 4 | P36: SAME | Q36: Mind Freeze macro 'AutoMF' | R36: Same as Blood. | S36: VERIFIED | T36: Counter Shot on tab target | U36: icon
A37: Bar 3 | B37: 60 | C37: Spell | D37: SHIFT-F11 | F37: Utility | G37: 3 | I37: =IFERROR(INDEX('Key reach tiers'!$B$2:$B$48,MATCH(D37,'Key reach tiers'!$A$2:$A$48,0)),3) -> 2 | J37: =IF(G37="","",2*I37+G37) -> 7 | K37: (open) | L37: Open | P37: SAME | Q37: (open) | R37: Same as Blood. | S37: UNVERIFIED | T37: Revive Pet
A38: Bar 4 | B38: 25 | C38: Item | D38: ALT-0 | F38: Cross char utility | H38: Name not resolved | I38: =IFERROR(INDEX('Key reach tiers'!$B$2:$B$48,MATCH(D38,'Key reach tiers'!$A$2:$A$48,0)),3) -> 3 | J38: =IF(G38="","",2*I38+G38) | K38: Corewarden's Hearthstone | L38: Item | M38: 265100 | N38: inv_cosmicvoid_groundsate | P38: SAME | Q38: Corewarden's Hearthstone | R38: Same as Blood. | S38: VERIFIED | T38: Item 265100 | U38: icon
A39: Bar 4 | B39: 26 | C39: Item | D39: ALT-1 | F39: Cross char utility | H39: Item 140192 | I39: =IFERROR(INDEX('Key reach tiers'!$B$2:$B$48,MATCH(D39,'Key reach tiers'!$A$2:$A$48,0)),3) -> 3 | J39: =IF(G39="","",2*I39+G39) | K39: Dalaran Hearthstone | L39: Item | M39: 140192 | N39: inv_misc_rune_15 | P39: SAME | Q39: Dalaran Hearthstone | R39: Same as Blood. | S39: VERIFIED | T39: Dalaran Hearthstone | U39: icon
A40: Bar 4 | B40: 27 | C40: Item | D40: ALT-2 | F40: Cross char utility | H40: Name not resolved | I40: =IFERROR(INDEX('Key reach tiers'!$B$2:$B$48,MATCH(D40,'Key reach tiers'!$A$2:$A$48,0)),3) -> 3 | J40: =IF(G40="","",2*I40+G40) | K40: Personal Key to the Arcantina | L40: Item | M40: 253629 | N40: inv_12_-arcantina_key | P40: SAME | Q40: Personal Key to the Arcantina | R40: Same as Blood. | S40: VERIFIED | T40: Item 253629 | U40: icon
A41: Bar 4 | B41: 28 | C41: Mount | D41: ALT-3 | F41: Cross char utility | H41: Mount ID 460 | I41: =IFERROR(INDEX('Key reach tiers'!$B$2:$B$48,MATCH(D41,'Key reach tiers'!$A$2:$A$48,0)),3) -> 2 | J41: =IF(G41="","",2*I41+G41) | K41: Mount: Grand Expedition Yak | L41: Mount | M41: 460 | N41: ability_mount_yak | P41: SAME | Q41: Mount: Grand Expedition Yak | R41: Same as Blood. | S41: VERIFIED | T41: Grand Expedition Yak | U41: icon
A42: Bar 4 | B42: 29 | C42: Mount | D42: ALT-4 | F42: Cross char utility | H42: Name not resolved | I42: =IFERROR(INDEX('Key reach tiers'!$B$2:$B$48,MATCH(D42,'Key reach tiers'!$A$2:$A$48,0)),3) -> 2 | J42: =IF(G42="","",2*I42+G42) | K42: Mount: Trader's Gilded Brutosaur | L42: Mount | M42: 2265 | N42: ability_mount_mammoth_brown | P42: SAME | Q42: Mount: Trader's Gilded Brutosaur | R42: Same as Blood. | S42: VERIFIED | T42: Mount ID 2265 | U42: icon
A43: Bar 4 | B43: 30 | C43: Macro (blank name) | D43: ALT-SHIFT-3 | F43: Cross char utility | H43: Dragonriding mount-up; dismounts if mounted | I43: =IFERROR(INDEX('Key reach tiers'!$B$2:$B$48,MATCH(D43,'Key reach tiers'!$A$2:$A$48,0)),3) -> 2 | J43: =IF(G43="","",2*I43+G43) | K43: Soar mount-up macro (macro 1) | L43: Macro | M43: 1 | N43: ability_dragonriding_forwardflap01 | P43: SAME | Q43: Soar mount-up macro (macro 1) | R43: Same as Blood. | S43: VERIFIED | T43: Soar | U43: icon
A44: Bar 4 | B44: 31 | C44: Companion | D44: ALT-SHIFT-4 | F44: Cross char utility | H44: Name not resolved | I44: =IFERROR(INDEX('Key reach tiers'!$B$2:$B$48,MATCH(D44,'Key reach tiers'!$A$2:$A$48,0)),3) -> 2 | J44: =IF(G44="","",2*I44+G44) | K44: Companion: Tuskarr Hermit Crab | L44: Companion | M44: 1293028 | N44: inv_misc_questionmark | P44: SAME | Q44: Companion: Tuskarr Hermit Crab | R44: Same as Blood. | S44: VERIFIED | T44: Companion ID 1293028
A45: Bar 4 | B45: 32 | C45: Macro: portions | D45: ALT-5 | F45: Cross char utility | H45: Plumber drawer, 5 potions | I45: =IFERROR(INDEX('Key reach tiers'!$B$2:$B$48,MATCH(D45,'Key reach tiers'!$A$2:$A$48,0)),3) -> 3 | J45: =IF(G45="","",2*I45+G45) | K45: Potion drawer macro 'portions' | L45: Macro | M45: 20 | N45: inv_potion_54 | P45: SAME | Q45: Potion drawer macro 'portions' | R45: Same as Blood. | S45: VERIFIED | T45: Potion drawer | U45: icon
A46: Bar 4 | B46: 33 | C46: Macro: toys | D46: ALT-6 | F46: Cross char utility | H46: Plumber drawer, 7 toys | I46: =IFERROR(INDEX('Key reach tiers'!$B$2:$B$48,MATCH(D46,'Key reach tiers'!$A$2:$A$48,0)),3) -> 3 | J46: =IF(G46="","",2*I46+G46) | K46: Toy drawer macro 'toys' | L46: Macro | M46: 30 | N46: inv_misc_toy_07 | P46: SAME | Q46: Toy drawer macro 'toys' | R46: Same as Blood. | S46: VERIFIED | T46: Toy drawer | U46: icon
A47: Bar 4 | B47: 34 | C47: Flyout | D47: ALT-7 | F47: Cross char utility | H47: Only the number is stored in the export | I47: =IFERROR(INDEX('Key reach tiers'!$B$2:$B$48,MATCH(D47,'Key reach tiers'!$A$2:$A$48,0)),3) -> 3 | J47: =IF(G47="","",2*I47+G47) | K47: Warband Bank Distance Inhibitor | L47: Item | M47: 216665 | N47: inv_cosmicvoid_orb | P47: SAME | Q47: Warband Bank Distance Inhibitor | R47: Same as Blood. | S47: UNVERIFIED | T47: Flyout 244 | U47: icon
A48: Bar 4 | B48: 35 | C48: Spell | D48: ALT-8 | F48: Cross char utility | H48: Duplicate of slot 69 | I48: =IFERROR(INDEX('Key reach tiers'!$B$2:$B$48,MATCH(D48,'Key reach tiers'!$A$2:$A$48,0)),3) -> 3 | J48: =IF(G48="","",2*I48+G48) | K48: Teleport Home (housing) | L48: Spell | M48: 1233637 | N48: inv_misc_rune_01 | P48: SAME | Q48: Teleport Home (housing) | R48: Same as Blood. | S48: VERIFIED | T48: Beast Lore | U48: icon
A49: Bar 4 | B49: 36 | C49: Empty | D49: ALT-9 | F49: Cross char utility | I49: =IFERROR(INDEX('Key reach tiers'!$B$2:$B$48,MATCH(D49,'Key reach tiers'!$A$2:$A$48,0)),3) -> 3 | J49: =IF(G49="","",2*I49+G49) | K49: Hero's Path: Midnight Season 2 (flyout 244) | L49: Flyout | M49: 244 | N49: inv_misc_questionmark | P49: SAME | Q49: Hero's Path: Midnight Season 2 (flyout 244) | R49: Same as Blood. | S49: VERIFIED
A51: Totals: DIFFERENT 14, SAME 34.
A52: Hero tree on this sheet: Deathbringer. Wowhead Mythic+ builds; Deathbringer is marked (Best).
A53: Talent string, Deathbringer (Wowhead Mythic+): CsPAAAAAAAAAAAAAAAAAAAAAAMAzMMjZAz2MzMzMLzMjMjxYYmxgZmZmZmZmZAAAAAAAAAYMbDMgFwywEyYBzMmZGYAYYmBYmBD (zero tree hash; in-game acceptance UNVERIFIED)
A54: Talent string, Rider of the Apocalypse (Wowhead Mythic+): CsPAAAAAAAAAAAAAAAAAAAAAAMAmhZMDY2mZmZmZZmZ0MjxYYmxgZmZmZmZmZAAAAAAAAAAsZWMMwAzmGaYDzMmZGYAYAYmZmBD (zero tree hash; in-game acceptance UNVERIFIED)
A55: If you switch to Rider of the Apocalypse: slot 8 becomes (open)

Sheet Death Knight Frost spells
A1: Rank (5 = most used) | B1: Spell | C1: Spell ID | D1: Category | E1: Tree | F1: Status | G1: Placed in slot(s) | H1: Note | I1: Icon file | J1: Wowhead link
A2: 5 | B2: Death Strike | C2: 49998 | D2: Attack/Heal | E2: spec | F2: VERIFIED | G2: 1 | H2: Heal and RP dump for every Death Knight spec; first importance-1 key, same slot in all three specs (rule 3). | I2: spell_deathknight_butcher2 | J2: https://www.wowhead.com/spell=49998
A3: 5 | B3: Frost Strike | C3: 49143 | D3: Attack/Heal | E3: spec | F3: VERIFIED | G3: 7 | H3: Frost Strike, the RP spender. | I3: spell_deathknight_empowerruneblade2 | J3: https://www.wowhead.com/spell=49143
A4: 5 | B4: Howling Blast | C4: 49184 | D4: Attack/Heal | E4: spec | F4: VERIFIED | G4: 3 | H4: Howling Blast, Rime procs and Frost Fever. | I4: spell_frost_arcticwinds | J4: https://www.wowhead.com/spell=49184
A5: 5 | B5: Obliterate | C5: 49020 | D5: Attack/Heal | E5: spec | F5: VERIFIED | G5: 5 | H5: Obliterate, core rune spender. | I5: spell_deathknight_classicon | J5: https://www.wowhead.com/spell=49020
A6: 5 | B6: Pillar of Frost | C6: 51271 | D6: Burst | E6: spec | F6: VERIFIED | G6: 65 | H6: Rule: SHIFT-R is Burst. Pillar of Frost plus both trinkets (new macro). | I6: ability_deathknight_pillaroffrost | J6: https://www.wowhead.com/spell=51271
A7: 4 | B7: Anti-Magic Shell | C7: 48707 | D7: Defensive | E7: spec | F7: VERIFIED | G7: 53 | H7: Anti-Magic Shell on A. | I7: spell_shadow_antimagicshell | J7: https://www.wowhead.com/spell=48707
A8: 4 | B8: Breath of Sindragosa | C8: 1249658 | D8: Burst | E8: spec | F8: VERIFIED | G8: 66 | H8: Breath of Sindragosa. | I8: spell_deathknight_breathofsindragosa | J8: https://www.wowhead.com/spell=1249658
A9: 4 | B9: Empower Rune Weapon | C9: 47568 | D9: Attack/Heal | E9: spec | F9: VERIFIED | G9: 4 | H9: Empower Rune Weapon, two charges. | I9: inv_sword_62 | J9: https://www.wowhead.com/spell=47568
A10: 4 | B10: Frostscythe | C10: 207230 | D10: Attack/Heal | E10: spec | F10: VERIFIED | G10: 2 | H10: Frostscythe, AoE replacement for Obliterate. | I10: inv12_ability_deathknight_frostscythe | J10: https://www.wowhead.com/spell=207230
A11: 4 | B11: Frostwyrm's Fury | C11: 279302 | D11: Burst | E11: spec | F11: VERIFIED | G11: 67 | H11: Frostwyrm's Fury. | I11: achievement_boss_sindragosa | J11: https://www.wowhead.com/spell=279302
A12: 4 | B12: Glacial Advance | C12: 194913 | D12: Attack/Heal | E12: spec | F12: VERIFIED | G12: 6 | H12: Glacial Advance, AoE replacement for Frost Strike. | I12: ability_hunter_glacialtrap | J12: https://www.wowhead.com/spell=194913
A13: 4 | B13: Icebound Fortitude | C13: 48792 | D13: Defensive | E13: spec | F13: VERIFIED | G13: 57 | H13: Icebound Fortitude on the mouse wheel. | I13: spell_deathknight_iceboundfortitude | J13: https://www.wowhead.com/spell=48792
... A27: 1 | B27: Death and Decay | C27: 43265 | D27: Utility | E27: spec | F27: VERIFIED | G27: 55 | H27: Death and Decay at the cursor (macro 11). Frost uses it little, so it sits on a low-reach key. | I27: spell_shadow_deathanddecay | J27: https://www.wowhead.com/spell=43265

Sheet Death Knight - Unholy
A1: Bar | B1: Slot | C1: Type | D1: Key 1 | E1: Key 2 | F1: keys reserved for | G1: Importance of slots | H1: Input notes (xlsx Details) | I1: Key reach tier | J1: Priority score | K1: Recommended action | L1: Placed as | M1: ID / macro id | N1: Icon file | O1: Spell rank (1-5) | P1: vs Blood | Q1: Blood has | R1: Reason | S1: Status | T1: xlsx spell (unreliable) | U1: Icon link
A2: Bar 1 | B2: 1 | C2: Spell | D2: 1 | F2: Attack/Heal | G2: 2 | H2: Beast Cleave | I2: =IFERROR(INDEX('Key reach tiers'!$B$2:$B$48,MATCH(D2,'Key reach tiers'!$A$2:$A$48,0)),3) -> 1 | J2: =IF(G2="","",2*I2+G2) -> 4 | K2: Death Strike | L2: Spell | M2: 49998 | N2: spell_deathknight_butcher2 | O2: 5 | P2: DIFFERENT | Q2: Consumption | R2: Heal and RP dump for every Death Knight spec; first importance-1 key, same slot in all three specs (rule 3). | S2: VERIFIED | T2: Multi-Shot | U2: icon
A3: Bar 1 | B3: 2 | C3: Spell | D3: 2 | F3: Attack/Heal | G3: 1 | I3: =IFERROR(INDEX('Key reach tiers'!$B$2:$B$48,MATCH(D3,'Key reach tiers'!$A$2:$A$48,0)),3) -> 1 | J3: =IF(G3="","",2*I3+G3) -> 3 | K3: Epidemic | L3: Spell | M3: 207317 | N3: spell_nature_nullifydisease | O3: 4 | P3: DIFFERENT | Q3: Vampiric Strike | R3: Epidemic, AoE spender. | S3: VERIFIED | T3: Kill Command | U3: icon
A4: Bar 1 | B4: 3 | C4: Spell | D4: 3 | F4: Attack/Heal | G4: 1 | I4: =IFERROR(INDEX('Key reach tiers'!$B$2:$B$48,MATCH(D4,'Key reach tiers'!$A$2:$A$48,0)),3) -> 1 | J4: =IF(G4="","",2*I4+G4) -> 3 | K4: Festering Strike | L4: Spell | M4: 85948 | N4: spell_deathknight_festering_strike | O4: 5 | P4: DIFFERENT | Q4: Blood Boil | R4: Festering Strike, applies Festering Wounds. | S4: VERIFIED | T4: Barbed Shot | U4: icon
A5: Bar 1 | B5: 4 | C5: Spell | D5: 4 | F5: Attack/Heal | G5: 2 | H5: From your BM bar | I5: =IFERROR(INDEX('Key reach tiers'!$B$2:$B$48,MATCH(D5,'Key reach tiers'!$A$2:$A$48,0)),3) -> 1 | J5: =IF(G5="","",2*I5+G5) -> 4 | K5: Outbreak | L5: Spell | M5: 77575 | N5: spell_deathvortex | O5: 4 | P5: DIFFERENT | Q5: Marrowrend | R5: Outbreak, keeps Virulent Plague up. | S5: VERIFIED | T5: Wild Thrash | U5: icon
A6: Bar 1 | B6: 5 | C6: Spell | D6: R | F6: Attack/Heal | G6: 1 | I6: =IFERROR(INDEX('Key reach tiers'!$B$2:$B$48,MATCH(D6,'Key reach tiers'!$A$2:$A$48,0)),3) -> 1 | J6: =IF(G6="","",2*I6+G6) -> 3 | K6: Scourge Strike | L6: Spell | M6: 55090 | N6: spell_deathknight_scourgestrike | O6: 5 | P6: DIFFERENT | Q6: Heart Strike | R6: Scourge Strike, main builder/spender. | S6: VERIFIED | T6: Cobra Shot | U6: icon
A7: Bar 1 | B7: 6 | C7: Spell | D7: F | F7: Attack/Heal | G7: 2 | H7: AoE opener | I7: =IFERROR(INDEX('Key reach tiers'!$B$2:$B$48,MATCH(D7,'Key reach tiers'!$A$2:$A$48,0)),3) -> 1 | J7: =IF(G7="","",2*I7+G7) -> 4 | K7: Putrefy | L7: Spell | M7: 1247378 | N7: inv12_ability_deathknight_putrefy | O7: 4 | P7: DIFFERENT | Q7: Death and Decay macro 'DnD' | R7: Putrefy, used during Dark Transformation. | S7: VERIFIED | T7: Dire Beast | U7: icon
A8: Bar 1 | B8: 7 | C8: Spell | D8: BUTTON4 | F8: Attack/Heal | G8: 1 | H8: Dark Ranger | I8: =IFERROR(INDEX('Key reach tiers'!$B$2:$B$48,MATCH(D8,'Key reach tiers'!$A$2:$A$48,0)),3) -> 1 | J8: =IF(G8="","",2*I8+G8) -> 3 | K8: Death Coil | L8: Spell | M8: 47541 | N8: spell_shadow_deathcoil | O8: 5 | P8: DIFFERENT | Q8: Death Strike | R8: Death Coil, Sudden Doom and RP dump. | S8: VERIFIED | T8: Black Arrow | U8: icon
A9: Bar 1 | B9: 8 | C9: Spell | D9: SHIFT-BUTTON4 | F9: Attack/Heal | G9: 2 | I9: =IFERROR(INDEX('Key reach tiers'!$B$2:$B$48,MATCH(D9,'Key reach tiers'!$A$2:$A$48,0)),3) -> 2 | J9: =IF(G9="","",2*I9+G9) -> 6 | K9: Soul Reaper | L9: Spell | M9: 343294 | N9: ability_deathknight_soulreaper | O9: 4 | P9: DIFFERENT | Q9: Death's Caress | R9: Soul Reaper, under 35% and after Dark Transformation. | S9: VERIFIED | T9: Hunter's Mark | U9: icon
A10: Bar 1 | B10: 9 | C10: Spell | D10: V | F10: Utility | G10: 3 | I10: =IFERROR(INDEX('Key reach tiers'!$B$2:$B$48,MATCH(D10,'Key reach tiers'!$A$2:$A$48,0)),3) -> 2 | J10: =IF(G10="","",2*I10+G10) -> 7 | K10: (open) | L10: Open | P10: DIFFERENT | Q10: Dark Command | R10: Rule: V is always the taunt; Frost and Unholy have no taunt, left open. | S10: UNVERIFIED | T10: Tranquilizing Shot
A11: Bar 1 | B11: 10 | C11: Spell | D11: SHIFT-V | F11: Utility | G11: 3 | I11: =IFERROR(INDEX('Key reach tiers'!$B$2:$B$48,MATCH(D11,'Key reach tiers'!$A$2:$A$48,0)),3) -> 3 | J11: =IF(G11="","",2*I11+G11) -> 9 | K11: Raise Dead | L11: Spell | M11: 46584 | N11: inv_pet_ghoul | O11: 2 | P11: DIFFERENT | Q11: Raise Dead | R11: Ghoul/pet summon on SHIFT-V; Unholy needs it every pull. | S11: VERIFIED | T11: Misdirection | U11: icon
A12: Bar 1 | B12: 11 | C12: Item | D12: ALT-MOUSEWHEELUP | F12: Utility | G12: 3 | H12: Unchanged from your BM bar | I12: =IFERROR(INDEX('Key reach tiers'!$B$2:$B$48,MATCH(D12,'Key reach tiers'!$A$2:$A$48,0)),3) -> 3 | J12: =IF(G12="","",2*I12+G12) -> 9 | K12: Interdimensional Companion Repository | L12: Item | M12: 153510 | N12: inv_eng_interdimensionalcompanionrepository | P12: SAME | Q12: Interdimensional Companion Repository | R12: Same as Blood. | S12: VERIFIED | T12: Item 153510 | U12: icon
A13: Bar 1 | B13: 12 | C13: Item | D13: ALT-MOUSEWHEELDOWN | F13: Utility | G13: 3 | I13: =IFERROR(INDEX('Key reach tiers'!$B$2:$B$48,MATCH(D13,'Key reach tiers'!$A$2:$A$48,0)),3) -> 3 | J13: =IF(G13="","",2*I13+G13) -> 9 | K13: Healthstone | L13: Item | M13: 5512 | N13: warlock_-healthstone | P13: SAME | Q13: Healthstone | R13: Same as Blood. | S13: VERIFIED | T13: Healthstone | U13: icon
A14: Bar 2 | B14: 61 | C14: Spell | D14: SHIFT-MOUSEWHEELUP | F14: Utility | G14: 3 | I14: =IFERROR(INDEX('Key reach tiers'!$B$2:$B$48,MATCH(D14,'Key reach tiers'!$A$2:$A$48,0)),3) -> 2 | J14: =IF(G14="","",2*I14+G14) -> 7 | K14: Death Gate | L14: Spell | M14: 50977 | N14: spell_arcane_teleportundercity | O14: 1 | P14: SAME | Q14: Death Gate | R14: Same as Blood. | S14: VERIFIED | T14: Flare | U14: icon
A15: Bar 2 | B15: 62 | C15: Spell | D15: C | E15: F9 | F15: Crowd control | G15: 3 | I15: =IFERROR(INDEX('Key reach tiers'!$B$2:$B$48,MATCH(D15,'Key reach tiers'!$A$2:$A$48,0)),3) -> 2 | J15: =IF(G15="","",2*I15+G15) -> 7 | K15: Death Grip | L15: Spell | M15: 49576 | N15: spell_deathknight_strangulate | O15: 3 | P15: SAME | Q15: Death Grip | R15: Same as Blood. | S15: VERIFIED | T15: Binding Shot | U15: icon
A16: Bar 2 | B16: 63 | C16: Spell | D16: T | F16: Utility | G16: 3 | I16: =IFERROR(INDEX('Key reach tiers'!$B$2:$B$48,MATCH(D16,'Key reach tiers'!$A$2:$A$48,0)),3) -> 2 | J16: =IF(G16="","",2*I16+G16) -> 7 | K16: Festering Scythe | L16: Spell | M16: 455397 | N16: inv_polearm_2h_mawnecromancerboss_d_01_darkblue | O16: 3 | P16: DIFFERENT | Q16: (open) | R16: Festering Scythe. Exception: attack in a Utility slot, slots 1-8 are full. UNVERIFIED whether it replaces Festering Strike on the same button. | S16: UNVERIFIED | T16: Camouflage | U16: icon
A17: Bar 2 | B17: 64 | C17: Spell | D17: SHIFT-C | F17: Crowd control | G17: 3 | I17: =IFERROR(INDEX('Key reach tiers'!$B$2:$B$48,MATCH(D17,'Key reach tiers'!$A$2:$A$48,0)),3) -> 3 | J17: =IF(G17="","",2*I17+G17) -> 9 | K17: Blinding Sleet | L17: Spell | M17: 207167 | N17: spell_frost_chillingblast | O17: 2 | P17: SAME | Q17: Blinding Sleet | R17: Same as Blood. | S17: VERIFIED | T17: Freezing Trap | U17: icon
A18: Bar 2 | B18: 65 | C18: Spell | D18: SHIFT-R | F18: Burst | G18: 3 | H18: With racials, trinkets, potion | I18: =IFERROR(INDEX('Key reach tiers'!$B$2:$B$48,MATCH(D18,'Key reach tiers'!$A$2:$A$48,0)),3) -> 2 | J18: =IF(G18="","",2*I18+G18) -> 7 | K18: Dark Transformation macro 'DarkT' | L18: Macro | M18: 42 | N18: achievement_boss_festergutrotface | O18: 5 | P18: DIFFERENT | Q18: Dancing Rune Weapon macro 'DRW' | R18: Rule: SHIFT-R is Burst. Dark Transformation plus both trinkets (new macro). | S18: VERIFIED | T18: Bestial Wrath | U18: icon
A19: Bar 2 | B19: 66 | C19: Spell | D19: SHIFT-F | F19: Burst | G19: 3 | I19: =IFERROR(INDEX('Key reach tiers'!$B$2:$B$48,MATCH(D19,'Key reach tiers'!$A$2:$A$48,0)),3) -> 2 | J19: =IF(G19="","",2*I19+G19) -> 7 | K19: Army of the Dead | L19: Spell | M19: 42650 | N19: spell_deathknight_armyofthedead | O19: 4 | P19: DIFFERENT | Q19: Abomination Limb | R19: Army of the Dead on cooldown. | S19: VERIFIED | T19: Call of the Wild | U19: icon
A20: Bar 2 | B20: 67 | C20: Spell | D20: Z | F20: Burst | G20: 3 | I20: =IFERROR(INDEX('Key reach tiers'!$B$2:$B$48,MATCH(D20,'Key reach tiers'!$A$2:$A$48,0)),3) -> 2 | J20: =IF(G20="","",2*I20+G20) -> 7 | K20: Summon Gargoyle | L20: Spell | M20: 1242147 | N20: ability_deathknight_summongargoyle | O20: 3 | P20: DIFFERENT | Q20: (open) | R20: Summon Gargoyle. UNVERIFIED whether this is a different choice from Raise Abomination in the current tree. | S20: UNVERIFIED | T20: Bloodshed | U20: icon
A21: Bar 2 | B21: 68 | C21: Spell | D21: X | F21: Utility | G21: 3 | I21: =IFERROR(INDEX('Key reach tiers'!$B$2:$B$48,MATCH(D21,'Key reach tiers'!$A$2:$A$48,0)),3) -> 2 | J21: =IF(G21="","",2*I21+G21) -> 7 | K21: Blightfall | L21: Spell | M21: 1271974 | N21: inv_nullstone_shadow | O21: 3 | P21: DIFFERENT | Q21: (open) | R21: Blightfall. Exception: attack in a Utility slot, slots 1-8 are full. | S21: VERIFIED | T21: Tar Trap | U21: icon
A22: Bar 2 | B22: 69 | C22: Spell | F22: Utility | G22: 3 | I22: =IFERROR(INDEX('Key reach tiers'!$B$2:$B$48,MATCH(D22,'Key reach tiers'!$A$2:$A$48,0)),3) -> 3 | J22: =IF(G22="","",2*I22+G22) -> 9 | K22: (open) | L22: Open | P22: SAME | Q22: (open) | R22: Same as Blood. | S22: UNVERIFIED | T22: Intimidation
A23: Bar 2 | B23: 70 | C23: Item | D23: 6 | F23: Utility | G23: 3 | H23: Unchanged from your BM bar | I23: =IFERROR(INDEX('Key reach tiers'!$B$2:$B$48,MATCH(D23,'Key reach tiers'!$A$2:$A$48,0)),3) -> 2 | J23: =IF(G23="","",2*I23+G23) -> 7 | K23: Voracious Heart of Ula'tek (trinket) | L23: Item | M23: 270175 | N23: inv_121_trinket_raid_ulatek_heart | P23: SAME | Q23: Voracious Heart of Ula'tek (trinket) | R23: Same as Blood. | S23: VERIFIED | T23: Item 270175 | U23: icon
A24: Bar 2 | B24: 71 | C24: Macro | D24: F10 | F24: Utility | G24: 2 | H24: Your pReck macro (Potion of Recklessness for DPS; use a role-appropriate potion on tank/healer) | I24: =IFERROR(INDEX('Key reach tiers'!$B$2:$B$48,MATCH(D24,'Key reach tiers'!$A$2:$A$48,0)),3) -> 1 | J24: =IF(G24="","",2*I24+G24) -> 4 | K24: Potion macro 'pReck' | L24: Macro | M24: 21 | N24: inv_misc_questionmark | P24: SAME | Q24: Potion macro 'pReck' | R24: Same as Blood. | S24: VERIFIED | T24: Combat potion
A25: Bar 2 | B25: 72 | C25: Macro | D25: F11 | F25: Utility | G25: 2 | H25: Your pHealth macro | I25: =IFERROR(INDEX('Key reach tiers'!$B$2:$B$48,MATCH(D25,'Key reach tiers'!$A$2:$A$48,0)),3) -> 1 | J25: =IF(G25="","",2*I25+G25) -> 4 | K25: Potion macro 'pHealth' | L25: Macro | M25: 19 | N25: inv_misc_questionmark | P25: SAME | Q25: Potion macro 'pHealth' | R25: Same as Blood. | S25: VERIFIED | T25: Health potion, then Healthstone
A26: Bar 3 | B26: 49 | C26: Spell | D26: MOUSEWHEELUP | F26: Mobility | G26: 2 | I26: =IFERROR(INDEX('Key reach tiers'!$B$2:$B$48,MATCH(D26,'Key reach tiers'!$A$2:$A$48,0)),3) -> 1 | J26: =IF(G26="","",2*I26+G26) -> 4 | K26: Death's Advance | L26: Spell | M26: 48265 | N26: spell_shadow_demonicempathy | O26: 3 | P26: SAME | Q26: Death's Advance | R26: Same as Blood. | S26: VERIFIED | T26: Aspect of the Cheetah | U26: icon
A27: Bar 3 | B27: 50 | C27: Spell | D27: BUTTON5 | F27: Crowd control | G27: 2 | H27: Interrupt | I27: =IFERROR(INDEX('Key reach tiers'!$B$2:$B$48,MATCH(D27,'Key reach tiers'!$A$2:$A$48,0)),3) -> 1 | J27: =IF(G27="","",2*I27+G27) -> 4 | K27: Mind Freeze | L27: Spell | M27: 47528 | N27: spell_deathknight_mindfreeze | O27: 4 | P27: SAME | Q27: Mind Freeze | R27: Same as Blood. | S27: VERIFIED | T27: Counter Shot | U27: icon
A28: Bar 3 | B28: 51 | C28: Macro (new) | D28: SHIFT-BUTTON5 | F28: Crowd control | G28: 2 | H28: #showtooltip Counter Shot / cast [@focus,exists,harm,nodead] Counter Shot | I28: =IFERROR(INDEX('Key reach tiers'!$B$2:$B$48,MATCH(D28,'Key reach tiers'!$A$2:$A$48,0)),3) -> 2 | J28: =IF(G28="","",2*I28+G28) -> 6 | K28: Mind Freeze macro 'MFFocus' | L28: Macro | M28: 39 | N28: spell_deathknight_mindfreeze | O28: 4 | P28: SAME | Q28: Mind Freeze macro 'MFFocus' | R28: Same as Blood. | S28: VERIFIED | T28: Counter Shot on focus | U28: icon
A29: Bar 3 | B29: 52 | C29: Spell | D29: MOUSEWHEELDOWN | F29: Mobility | G29: 2 | I29: =IFERROR(INDEX('Key reach tiers'!$B$2:$B$48,MATCH(D29,'Key reach tiers'!$A$2:$A$48,0)),3) -> 1 | J29: =IF(G29="","",2*I29+G29) -> 4 | K29: (open) | L29: Open | P29: SAME | Q29: (open) | R29: Same as Blood. | S29: UNVERIFIED | T29: Aspect of the Turtle
A30: Bar 3 | B30: 53 | C30: Spell | D30: A | F30: Defensive | G30: 2 | I30: =IFERROR(INDEX('Key reach tiers'!$B$2:$B$48,MATCH(D30,'Key reach tiers'!$A$2:$A$48,0)),3) -> 1 | J30: =IF(G30="","",2*I30+G30) -> 4 | K30: Anti-Magic Shell | L30: Spell | M30: 48707 | N30: spell_shadow_antimagicshell | O30: 4 | P30: SAME | Q30: Anti-Magic Shell | R30: Same as Blood. | S30: VERIFIED | T30: Exhilaration | U30: icon
A31: Bar 3 | B31: 54 | C31: Spell | D31: D | F31: Defensive | G31: 2 | I31: =IFERROR(INDEX('Key reach tiers'!$B$2:$B$48,MATCH(D31,'Key reach tiers'!$A$2:$A$48,0)),3) -> 1 | J31: =IF(G31="","",2*I31+G31) -> 4 | K31: Death Pact | L31: Spell | M31: 48743 | N31: spell_shadow_deathpact | O31: 2 | P31: DIFFERENT | Q31: Vampiric Blood | R31: Death Pact. | S31: VERIFIED | T31: Survival of the Fittest | U31: icon
A32: Bar 3 | B32: 55 | C32: Spell | D32: SHIFT-A | F32: Utility | G32: 3 | I32: =IFERROR(INDEX('Key reach tiers'!$B$2:$B$48,MATCH(D32,'Key reach tiers'!$A$2:$A$48,0)),3) -> 3 | J32: =IF(G32="","",2*I32+G32) -> 9 | K32: Death and Decay macro 'DnD' | L32: Macro | M32: 11 | N32: spell_shadow_deathanddecay | O32: 3 | P32: DIFFERENT | Q32: Raise Ally | R32: Death and Decay at the cursor (macro 11); Unholy AoE. | S32: VERIFIED | T32: Mend Pet | U32: icon
A33: Bar 3 | B33: 56 | C33: Spell | D33: SHIFT-D | F33: Utility | G33: 2 | I33: =IFERROR(INDEX('Key reach tiers'!$B$2:$B$48,MATCH(D33,'Key reach tiers'!$A$2:$A$48,0)),3) -> 2 | J33: =IF(G33="","",2*I33+G33) -> 6 | K33: Anti-Magic Zone macro 'AMZ' | L33: Macro | M33: 4 | N33: spell_deathknight_antimagiczone | O33: 2 | P33: SAME | Q33: Anti-Magic Zone macro 'AMZ' | R33: Same as Blood. | S33: VERIFIED | T33: Feign Death | U33: icon
A34: Bar 3 | B34: 57 | C34: Spell | D34: SHIFT-MOUSEWHEELDOWN | F34: Defensive | G34: 2 | I34: =IFERROR(INDEX('Key reach tiers'!$B$2:$B$48,MATCH(D34,'Key reach tiers'!$A$2:$A$48,0)),3) -> 2 | J34: =IF(G34="","",2*I34+G34) -> 6 | K34: Icebound Fortitude | L34: Spell | M34: 48792 | N34: spell_deathknight_iceboundfortitude | O34: 4 | P34: SAME | Q34: Icebound Fortitude | R34: Same as Blood. | S34: VERIFIED | T34: Disengage | U34: icon
A35: Bar 3 | B35: 58 | C35: Spell | F35: Utility | G35: 3 | I35: =IFERROR(INDEX('Key reach tiers'!$B$2:$B$48,MATCH(D35,'Key reach tiers'!$A$2:$A$48,0)),3) -> 3 | J35: =IF(G35="","",2*I35+G35) -> 9 | K35: (open) | L35: Open | P35: SAME | Q35: (open) | R35: Same as Blood. | S35: UNVERIFIED | T35: Primal Rage
A36: Bar 3 | B36: 59 | C36: Macro (new) | D36: SHIFT-F10 | F36: Utility | G36: 3 | H36: #showtooltip Counter Shot / cleartarget / targetenemy / cast Counter Shot / targetlasttarget | I36: =IFERROR(INDEX('Key reach tiers'!$B$2:$B$48,MATCH(D36,'Key reach tiers'!$A$2:$A$48,0)),3) -> 2 | J36: =IF(G36="","",2*I36+G36) -> 7 | K36: Mind Freeze macro 'AutoMF' | L36: Macro | M36: 40 | N36: spell_deathknight_mindfreeze | O36: 4 | P36: SAME | Q36: Mind Freeze macro 'AutoMF' | R36: Same as Blood. | S36: VERIFIED | T36: Counter Shot on tab target | U36: icon
A37: Bar 3 | B37: 60 | C37: Spell | D37: SHIFT-F11 | F37: Utility | G37: 3 | I37: =IFERROR(INDEX('Key reach tiers'!$B$2:$B$48,MATCH(D37,'Key reach tiers'!$A$2:$A$48,0)),3) -> 2 | J37: =IF(G37="","",2*I37+G37) -> 7 | K37: Necrotic Coil | L37: Spell | M37: 1242174 | N37: spell_animamaldraxxus_missile | O37: 3 | P37: DIFFERENT | Q37: (open) | R37: Necrotic Coil (Forbidden Knowledge window). Exception: attack in a Utility slot. | S37: VERIFIED | T37: Revive Pet | U37: icon
A38: Bar 4 | B38: 25 | C38: Item | D38: ALT-0 | F38: Cross char utility | H38: Name not resolved | I38: =IFERROR(INDEX('Key reach tiers'!$B$2:$B$48,MATCH(D38,'Key reach tiers'!$A$2:$A$48,0)),3) -> 3 | J38: =IF(G38="","",2*I38+G38) | K38: Corewarden's Hearthstone | L38: Item | M38: 265100 | N38: inv_cosmicvoid_groundsate | P38: SAME | Q38: Corewarden's Hearthstone | R38: Same as Blood. | S38: VERIFIED | T38: Item 265100 | U38: icon
A39: Bar 4 | B39: 26 | C39: Item | D39: ALT-1 | F39: Cross char utility | H39: Item 140192 | I39: =IFERROR(INDEX('Key reach tiers'!$B$2:$B$48,MATCH(D39,'Key reach tiers'!$A$2:$A$48,0)),3) -> 3 | J39: =IF(G39="","",2*I39+G39) | K39: Dalaran Hearthstone | L39: Item | M39: 140192 | N39: inv_misc_rune_15 | P39: SAME | Q39: Dalaran Hearthstone | R39: Same as Blood. | S39: VERIFIED | T39: Dalaran Hearthstone | U39: icon
A40: Bar 4 | B40: 27 | C40: Item | D40: ALT-2 | F40: Cross char utility | H40: Name not resolved | I40: =IFERROR(INDEX('Key reach tiers'!$B$2:$B$48,MATCH(D40,'Key reach tiers'!$A$2:$A$48,0)),3) -> 3 | J40: =IF(G40="","",2*I40+G40) | K40: Personal Key to the Arcantina | L40: Item | M40: 253629 | N40: inv_12_-arcantina_key | P40: SAME | Q40: Personal Key to the Arcantina | R40: Same as Blood. | S40: VERIFIED | T40: Item 253629 | U40: icon
A41: Bar 4 | B41: 28 | C41: Mount | D41: ALT-3 | F41: Cross char utility | H41: Mount ID 460 | I41: =IFERROR(INDEX('Key reach tiers'!$B$2:$B$48,MATCH(D41,'Key reach tiers'!$A$2:$A$48,0)),3) -> 2 | J41: =IF(G41="","",2*I41+G41) | K41: Mount: Grand Expedition Yak | L41: Mount | M41: 460 | N41: ability_mount_yak | P41: SAME | Q41: Mount: Grand Expedition Yak | R41: Same as Blood. | S41: VERIFIED | T41: Grand Expedition Yak | U41: icon
A42: Bar 4 | B42: 29 | C42: Mount | D42: ALT-4 | F42: Cross char utility | H42: Name not resolved | I42: =IFERROR(INDEX('Key reach tiers'!$B$2:$B$48,MATCH(D42,'Key reach tiers'!$A$2:$A$48,0)),3) -> 2 | J42: =IF(G42="","",2*I42+G42) | K42: Mount: Trader's Gilded Brutosaur | L42: Mount | M42: 2265 | N42: ability_mount_mammoth_brown | P42: SAME | Q42: Mount: Trader's Gilded Brutosaur | R42: Same as Blood. | S42: VERIFIED | T42: Mount ID 2265 | U42: icon
A43: Bar 4 | B43: 30 | C43: Macro (blank name) | D43: ALT-SHIFT-3 | F43: Cross char utility | H43: Dragonriding mount-up; dismounts if mounted | I43: =IFERROR(INDEX('Key reach tiers'!$B$2:$B$48,MATCH(D43,'Key reach tiers'!$A$2:$A$48,0)),3) -> 2 | J43: =IF(G43="","",2*I43+G43) | K43: Soar mount-up macro (macro 1) | L43: Macro | M43: 1 | N43: ability_dragonriding_forwardflap01 | P43: SAME | Q43: Soar mount-up macro (macro 1) | R43: Same as Blood. | S43: VERIFIED | T43: Soar | U43: icon
A44: Bar 4 | B44: 31 | C44: Companion | D44: ALT-SHIFT-4 | F44: Cross char utility | H44: Name not resolved | I44: =IFERROR(INDEX('Key reach tiers'!$B$2:$B$48,MATCH(D44,'Key reach tiers'!$A$2:$A$48,0)),3) -> 2 | J44: =IF(G44="","",2*I44+G44) | K44: Companion: Tuskarr Hermit Crab | L44: Companion | M44: 1293028 | N44: inv_misc_questionmark | P44: SAME | Q44: Companion: Tuskarr Hermit Crab | R44: Same as Blood. | S44: VERIFIED | T44: Companion ID 1293028
A45: Bar 4 | B45: 32 | C45: Macro: portions | D45: ALT-5 | F45: Cross char utility | H45: Plumber drawer, 5 potions | I45: =IFERROR(INDEX('Key reach tiers'!$B$2:$B$48,MATCH(D45,'Key reach tiers'!$A$2:$A$48,0)),3) -> 3 | J45: =IF(G45="","",2*I45+G45) | K45: Potion drawer macro 'portions' | L45: Macro | M45: 20 | N45: inv_potion_54 | P45: SAME | Q45: Potion drawer macro 'portions' | R45: Same as Blood. | S45: VERIFIED | T45: Potion drawer | U45: icon
A46: Bar 4 | B46: 33 | C46: Macro: toys | D46: ALT-6 | F46: Cross char utility | H46: Plumber drawer, 7 toys | I46: =IFERROR(INDEX('Key reach tiers'!$B$2:$B$48,MATCH(D46,'Key reach tiers'!$A$2:$A$48,0)),3) -> 3 | J46: =IF(G46="","",2*I46+G46) | K46: Toy drawer macro 'toys' | L46: Macro | M46: 30 | N46: inv_misc_toy_07 | P46: SAME | Q46: Toy drawer macro 'toys' | R46: Same as Blood. | S46: VERIFIED | T46: Toy drawer | U46: icon
A47: Bar 4 | B47: 34 | C47: Flyout | D47: ALT-7 | F47: Cross char utility | H47: Only the number is stored in the export | I47: =IFERROR(INDEX('Key reach tiers'!$B$2:$B$48,MATCH(D47,'Key reach tiers'!$A$2:$A$48,0)),3) -> 3 | J47: =IF(G47="","",2*I47+G47) | K47: Warband Bank Distance Inhibitor | L47: Item | M47: 216665 | N47: inv_cosmicvoid_orb | P47: SAME | Q47: Warband Bank Distance Inhibitor | R47: Same as Blood. | S47: UNVERIFIED | T47: Flyout 244 | U47: icon
A48: Bar 4 | B48: 35 | C48: Spell | D48: ALT-8 | F48: Cross char utility | H48: Duplicate of slot 69 | I48: =IFERROR(INDEX('Key reach tiers'!$B$2:$B$48,MATCH(D48,'Key reach tiers'!$A$2:$A$48,0)),3) -> 3 | J48: =IF(G48="","",2*I48+G48) | K48: Teleport Home (housing) | L48: Spell | M48: 1233637 | N48: inv_misc_rune_01 | P48: SAME | Q48: Teleport Home (housing) | R48: Same as Blood. | S48: VERIFIED | T48: Beast Lore | U48: icon
A49: Bar 4 | B49: 36 | C49: Empty | D49: ALT-9 | F49: Cross char utility | I49: =IFERROR(INDEX('Key reach tiers'!$B$2:$B$48,MATCH(D49,'Key reach tiers'!$A$2:$A$48,0)),3) -> 3 | J49: =IF(G49="","",2*I49+G49) | K49: Hero's Path: Midnight Season 2 (flyout 244) | L49: Flyout | M49: 244 | N49: inv_misc_questionmark | P49: SAME | Q49: Hero's Path: Midnight Season 2 (flyout 244) | R49: Same as Blood. | S49: VERIFIED
A51: Totals: DIFFERENT 18, SAME 30.
A52: Hero tree on this sheet: San'layn. Wowhead Mythic+/Delves builds; San'layn is marked (Best). A Single Target/Cleave San'layn string: CwPAAAAAAAAAAAAAAAAAAAAAAAwMjZMDDz2MzMTjZmxYGDAAAAAAAAzDMMGAsMDzsZmxMzYgBmxiGLbA2mYDAzAYmZmZMDmZwMzYA
A53: Talent string, San'layn (Wowhead Mythic+): CwPAAAAAAAAAAAAAAAAAAAAAAAYmhZMGDz2MzMTjZmxMzYAAAAAAAAYegxwAglZwsZmxMzYgBmxmGLLA2mYDDYGAzMzMjZwMDGzYA (zero tree hash; in-game acceptance UNVERIFIED)
A54: Talent string, Rider of the Apocalypse (Wowhead Mythic+): CwPAAAAAAAAAAAAAAAAAAAAAAAYmhZMDDz2MzMTzmxMzMjBAAAAAAAgZGzYAwyMmZ2MzYMDYzsZYIDMbM0YBDYGAGzMjZAmZmxYA (zero tree hash; in-game acceptance UNVERIFIED)

Sheet Death Knight Unholy spells
A1: Rank (5 = most used) | B1: Spell | C1: Spell ID | D1: Category | E1: Tree | F1: Status | G1: Placed in slot(s) | H1: Note | I1: Icon file | J1: Wowhead link
A2: 5 | B2: Dark Transformation | C2: 1233448 | D2: Burst | E2: spec | F2: VERIFIED | G2: 65 | H2: Rule: SHIFT-R is Burst. Dark Transformation plus both trinkets (new macro). | I2: achievement_boss_festergutrotface | J2: https://www.wowhead.com/spell=1233448
A3: 5 | B3: Death Coil | C3: 47541 | D3: Attack/Heal | E3: spec | F3: VERIFIED | G3: 7 | H3: Death Coil, Sudden Doom and RP dump. | I3: spell_shadow_deathcoil | J3: https://www.wowhead.com/spell=47541
A4: 5 | B4: Death Strike | C4: 49998 | D4: Attack/Heal | E4: spec | F4: VERIFIED | G4: 1 | H4: Heal and RP dump for every Death Knight spec; first importance-1 key, same slot in all three specs (rule 3). | I4: spell_deathknight_butcher2 | J4: https://www.wowhead.com/spell=49998
A5: 5 | B5: Festering Strike | C5: 85948 | D5: Attack/Heal | E5: spec | F5: VERIFIED | G5: 3 | H5: Festering Strike, applies Festering Wounds. | I5: spell_deathknight_festering_strike | J5: https://www.wowhead.com/spell=85948
A6: 5 | B6: Scourge Strike | C6: 55090 | D6: Attack/Heal | E6: spec | F6: VERIFIED | G6: 5 | H6: Scourge Strike, main builder/spender. | I6: spell_deathknight_scourgestrike | J6: https://www.wowhead.com/spell=55090
A7: 4 | B7: Anti-Magic Shell | C7: 48707 | D7: Defensive | E7: spec | F7: VERIFIED | G7: 53 | H7: Anti-Magic Shell on A. | I7: spell_shadow_antimagicshell | J7: https://www.wowhead.com/spell=48707
A8: 4 | B8: Army of the Dead | C8: 42650 | D8: Burst | E8: spec | F8: VERIFIED | G8: 66 | H8: Army of the Dead on cooldown. | I8: spell_deathknight_armyofthedead | J8: https://www.wowhead.com/spell=42650
A9: 4 | B9: Epidemic | C9: 207317 | D9: Attack/Heal | E9: spec | F9: VERIFIED | G9: 2 | H9: Epidemic, AoE spender. | I9: spell_nature_nullifydisease | J9: https://www.wowhead.com/spell=207317
A10: 4 | B10: Icebound Fortitude | C10: 48792 | D10: Defensive | E10: spec | F10: VERIFIED | G10: 57 | H10: Icebound Fortitude on the mouse wheel. | I10: spell_deathknight_iceboundfortitude | J10: https://www.wowhead.com/spell=48792
A11: 4 | B11: Mind Freeze | C11: 47528 | D11: Crowd control | E11: spec | F11: VERIFIED | G11: 50, 51, 59 | H11: Interrupt on BUTTON5, same slot as Counter Shot/Muzzle in other classes. | I11: spell_deathknight_mindfreeze | J11: https://www.wowhead.com/spell=47528
A12: 4 | B12: Outbreak | C12: 77575 | D12: Attack/Heal | E12: spec | F12: VERIFIED | G12: 4 | H12: Outbreak, keeps Virulent Plague up. | I12: spell_deathvortex | J12: https://www.wowhead.com/spell=77575
A13: 4 | B13: Putrefy | C13: 1247378 | D13: Attack/Heal | E13: spec | F13: VERIFIED | G13: 6 | H13: Putrefy, used during Dark Transformation. | I13: inv12_ability_deathknight_putrefy | J13: https://www.wowhead.com/spell=1247378
... A31: 1 | B31: Death Gate | C31: 50977 | D31: Utility | E31: spec | F31: VERIFIED | G31: 61 | H31: Death Gate teleport. | I31: spell_arcane_teleportundercity | J31: https://www.wowhead.com/spell=50977

Sheet Warrior - Arms
A1: Bar | B1: Slot | C1: Type | D1: Key 1 | E1: Key 2 | F1: keys reserved for | G1: Importance of slots | H1: Input notes (xlsx Details) | I1: Key reach tier | J1: Priority score | K1: Recommended action | L1: Placed as | M1: ID / macro id | N1: Icon file | O1: Spell rank (1-5) | P1: Reference spec of this class | Q1: - | R1: Reason | S1: Status | T1: xlsx spell (unreliable) | U1: Icon link
A2: Bar 1 | B2: 1 | C2: Spell | D2: 1 | F2: Attack/Heal | G2: 2 | H2: Beast Cleave | I2: =IFERROR(INDEX('Key reach tiers'!$B$2:$B$48,MATCH(D2,'Key reach tiers'!$A$2:$A$48,0)),3) -> 1 | J2: =IF(G2="","",2*I2+G2) -> 4 | K2: Colossus Smash | L2: Spell | M2: 167105 | N2: inv_warbreaker | O2: 5 | P2: BASE | R2: Colossus Smash on cooldown. | S2: VERIFIED | T2: Multi-Shot | U2: icon
A3: Bar 1 | B3: 2 | C3: Spell | D3: 2 | F3: Attack/Heal | G3: 1 | I3: =IFERROR(INDEX('Key reach tiers'!$B$2:$B$48,MATCH(D3,'Key reach tiers'!$A$2:$A$48,0)),3) -> 1 | J3: =IF(G3="","",2*I3+G3) -> 3 | K3: Heroic Strike | L3: Spell | M3: 1269383 | N3: ability_rogue_ambush | O3: 4 | P3: BASE | R3: Heroic Strike on the thumb button. | S3: VERIFIED | T3: Kill Command | U3: icon
A4: Bar 1 | B4: 3 | C4: Spell | D4: 3 | F4: Attack/Heal | G4: 1 | I4: =IFERROR(INDEX('Key reach tiers'!$B$2:$B$48,MATCH(D4,'Key reach tiers'!$A$2:$A$48,0)),3) -> 1 | J4: =IF(G4="","",2*I4+G4) -> 3 | K4: Cleave | L4: Spell | M4: 845 | N4: ability_warrior_cleave | O4: 5 | P4: BASE | R4: Cleave, applies Rend in the Slayer priority. | S4: VERIFIED | T4: Barbed Shot | U4: icon
A5: Bar 1 | B5: 4 | C5: Spell | D5: 4 | F5: Attack/Heal | G5: 2 | H5: From your BM bar | I5: =IFERROR(INDEX('Key reach tiers'!$B$2:$B$48,MATCH(D5,'Key reach tiers'!$A$2:$A$48,0)),3) -> 1 | J5: =IF(G5="","",2*I5+G5) -> 4 | K5: Execute | L5: Spell | M5: 163201 | N5: inv_sword_48 | O5: 5 | P5: BASE | R5: Execute, Sudden Death procs. | S5: VERIFIED | T5: Wild Thrash | U5: icon
A6: Bar 1 | B6: 5 | C6: Spell | D6: R | F6: Attack/Heal | G6: 1 | I6: =IFERROR(INDEX('Key reach tiers'!$B$2:$B$48,MATCH(D6,'Key reach tiers'!$A$2:$A$48,0)),3) -> 1 | J6: =IF(G6="","",2*I6+G6) -> 3 | K6: Mortal Strike | L6: Spell | M6: 12294 | N6: ability_warrior_savageblow | O6: 5 | P6: BASE | R6: Mortal Strike. | S6: VERIFIED | T6: Cobra Shot | U6: icon
A7: Bar 1 | B7: 6 | C7: Spell | D7: F | F7: Attack/Heal | G7: 2 | H7: AoE opener | I7: =IFERROR(INDEX('Key reach tiers'!$B$2:$B$48,MATCH(D7,'Key reach tiers'!$A$2:$A$48,0)),3) -> 1 | J7: =IF(G7="","",2*I7+G7) -> 4 | K7: Slam | L7: Spell | M7: 1464 | N7: ability_warrior_decisivestrike | O7: 3 | P7: BASE | R7: Slam filler. | S7: VERIFIED | T7: Dire Beast | U7: icon
A8: Bar 1 | B8: 7 | C8: Spell | D8: BUTTON4 | F8: Attack/Heal | G8: 1 | H8: Dark Ranger | I8: =IFERROR(INDEX('Key reach tiers'!$B$2:$B$48,MATCH(D8,'Key reach tiers'!$A$2:$A$48,0)),3) -> 1 | J8: =IF(G8="","",2*I8+G8) -> 3 | K8: Overpower | L8: Spell | M8: 7384 | N8: ability_meleedamage | O8: 4 | P8: BASE | R8: Overpower. | S8: VERIFIED | T8: Black Arrow | U8: icon
A9: Bar 1 | B9: 8 | C9: Spell | D9: SHIFT-BUTTON4 | F9: Attack/Heal | G9: 2 | I9: =IFERROR(INDEX('Key reach tiers'!$B$2:$B$48,MATCH(D9,'Key reach tiers'!$A$2:$A$48,0)),3) -> 2 | J9: =IF(G9="","",2*I9+G9) -> 6 | K9: Sweeping Strikes | L9: Spell | M9: 260708 | N9: ability_rogue_slicedice | O9: 3 | P9: BASE | R9: Sweeping Strikes for AoE. | S9: VERIFIED | T9: Hunter's Mark | U9: icon
A10: Bar 1 | B10: 9 | C10: Spell | D10: V | F10: Utility | G10: 3 | I10: =IFERROR(INDEX('Key reach tiers'!$B$2:$B$48,MATCH(D10,'Key reach tiers'!$A$2:$A$48,0)),3) -> 2 | J10: =IF(G10="","",2*I10+G10) -> 7 | K10: (open) | L10: Open | P10: BASE | R10: Rule: V is always the taunt; Arms and Fury have none, left open. | S10: UNVERIFIED | T10: Tranquilizing Shot
A11: Bar 1 | B11: 10 | C11: Spell | D11: SHIFT-V | F11: Utility | G11: 3 | I11: =IFERROR(INDEX('Key reach tiers'!$B$2:$B$48,MATCH(D11,'Key reach tiers'!$A$2:$A$48,0)),3) -> 3 | J11: =IF(G11="","",2*I11+G11) -> 9 | K11: (open) | L11: Open | P11: BASE | R11: Nothing useful for this spec on this key; left open. | S11: UNVERIFIED | T11: Misdirection
A12: Bar 1 | B12: 11 | C12: Item | D12: ALT-MOUSEWHEELUP | F12: Utility | G12: 3 | H12: Unchanged from your BM bar | I12: =IFERROR(INDEX('Key reach tiers'!$B$2:$B$48,MATCH(D12,'Key reach tiers'!$A$2:$A$48,0)),3) -> 3 | J12: =IF(G12="","",2*I12+G12) -> 9 | K12: Interdimensional Companion Repository | L12: Item | M12: 153510 | N12: inv_eng_interdimensionalcompanionrepository | P12: BASE | R12: Shared across every class and spec (confirmed). Keep. | S12: VERIFIED | T12: Item 153510 | U12: icon
A13: Bar 1 | B13: 12 | C13: Item | D13: ALT-MOUSEWHEELDOWN | F13: Utility | G13: 3 | I13: =IFERROR(INDEX('Key reach tiers'!$B$2:$B$48,MATCH(D13,'Key reach tiers'!$A$2:$A$48,0)),3) -> 3 | J13: =IF(G13="","",2*I13+G13) -> 9 | K13: Healthstone | L13: Item | M13: 5512 | N13: warlock_-healthstone | P13: BASE | R13: Shared across every class and spec (confirmed). Keep. | S13: VERIFIED | T13: Healthstone | U13: icon
A14: Bar 2 | B14: 61 | C14: Spell | D14: SHIFT-MOUSEWHEELUP | F14: Utility | G14: 3 | I14: =IFERROR(INDEX('Key reach tiers'!$B$2:$B$48,MATCH(D14,'Key reach tiers'!$A$2:$A$48,0)),3) -> 2 | J14: =IF(G14="","",2*I14+G14) -> 7 | K14: Intervene | L14: Spell | M14: 3411 | N14: ability_warrior_victoryrush | O14: 1 | P14: BASE | R14: Intervene. | S14: VERIFIED | T14: Flare | U14: icon
A15: Bar 2 | B15: 62 | C15: Spell | D15: C | E15: F9 | F15: Crowd control | G15: 3 | I15: =IFERROR(INDEX('Key reach tiers'!$B$2:$B$48,MATCH(D15,'Key reach tiers'!$A$2:$A$48,0)),3) -> 2 | J15: =IF(G15="","",2*I15+G15) -> 7 | K15: Storm Bolt | L15: Spell | M15: 107570 | N15: warrior_talent_icon_stormbolt | O15: 3 | P15: BASE | R15: Storm Bolt on C. | S15: VERIFIED | T15: Binding Shot | U15: icon
A16: Bar 2 | B16: 63 | C16: Spell | D16: T | F16: Utility | G16: 3 | I16: =IFERROR(INDEX('Key reach tiers'!$B$2:$B$48,MATCH(D16,'Key reach tiers'!$A$2:$A$48,0)),3) -> 2 | J16: =IF(G16="","",2*I16+G16) -> 7 | K16: Shockwave | L16: Spell | M16: 46968 | N16: ability_warrior_shockwave | O16: 2 | P16: BASE | R16: Shockwave. | S16: VERIFIED | T16: Camouflage | U16: icon
A17: Bar 2 | B17: 64 | C17: Spell | D17: SHIFT-C | F17: Crowd control | G17: 3 | I17: =IFERROR(INDEX('Key reach tiers'!$B$2:$B$48,MATCH(D17,'Key reach tiers'!$A$2:$A$48,0)),3) -> 3 | J17: =IF(G17="","",2*I17+G17) -> 9 | K17: Intimidating Shout | L17: Spell | M17: 5246 | N17: ability_golemthunderclap | O17: 2 | P17: BASE | R17: Intimidating Shout. | S17: VERIFIED | T17: Freezing Trap | U17: icon
A18: Bar 2 | B18: 65 | C18: Spell | D18: SHIFT-R | F18: Burst | G18: 3 | H18: With racials, trinkets, potion | I18: =IFERROR(INDEX('Key reach tiers'!$B$2:$B$48,MATCH(D18,'Key reach tiers'!$A$2:$A$48,0)),3) -> 2 | J18: =IF(G18="","",2*I18+G18) -> 7 | K18: Avatar macro 'AvatarB' | L18: Macro | M18: 48 | N18: warrior_talent_icon_avatar | O18: 5 | P18: BASE | R18: Rule: SHIFT-R is Burst. Avatar plus both trinkets (new macro). | S18: VERIFIED | T18: Bestial Wrath | U18: icon
A19: Bar 2 | B19: 66 | C19: Spell | D19: SHIFT-F | F19: Burst | G19: 3 | I19: =IFERROR(INDEX('Key reach tiers'!$B$2:$B$48,MATCH(D19,'Key reach tiers'!$A$2:$A$48,0)),3) -> 2 | J19: =IF(G19="","",2*I19+G19) -> 7 | K19: Bladestorm | L19: Spell | M19: 227847 | N19: ability_warrior_bladestorm | O19: 4 | P19: BASE | R19: Bladestorm. | S19: VERIFIED | T19: Call of the Wild | U19: icon
A20: Bar 2 | B20: 67 | C20: Spell | D20: Z | F20: Burst | G20: 3 | I20: =IFERROR(INDEX('Key reach tiers'!$B$2:$B$48,MATCH(D20,'Key reach tiers'!$A$2:$A$48,0)),3) -> 2 | J20: =IF(G20="","",2*I20+G20) -> 7 | K20: Ravager | L20: Spell | M20: 228920 | N20: warrior_talent_icon_ravager | O20: 2 | P20: BASE | R20: Ravager. UNVERIFIED that it is in the current Arms tree. | S20: UNVERIFIED | T20: Bloodshed | U20: icon
A21: Bar 2 | B21: 68 | C21: Spell | D21: X | F21: Utility | G21: 3 | I21: =IFERROR(INDEX('Key reach tiers'!$B$2:$B$48,MATCH(D21,'Key reach tiers'!$A$2:$A$48,0)),3) -> 2 | J21: =IF(G21="","",2*I21+G21) -> 7 | K21: (open) | L21: Open | P21: BASE | R21: Nothing useful for this spec on this key; left open. | S21: UNVERIFIED | T21: Tar Trap
A22: Bar 2 | B22: 69 | C22: Spell | F22: Utility | G22: 3 | I22: =IFERROR(INDEX('Key reach tiers'!$B$2:$B$48,MATCH(D22,'Key reach tiers'!$A$2:$A$48,0)),3) -> 3 | J22: =IF(G22="","",2*I22+G22) -> 9 | K22: (open) | L22: Open | P22: BASE | R22: Nothing useful for this spec on this key; left open. | S22: UNVERIFIED | T22: Intimidation
A23: Bar 2 | B23: 70 | C23: Item | D23: 6 | F23: Utility | G23: 3 | H23: Unchanged from your BM bar | I23: =IFERROR(INDEX('Key reach tiers'!$B$2:$B$48,MATCH(D23,'Key reach tiers'!$A$2:$A$48,0)),3) -> 2 | J23: =IF(G23="","",2*I23+G23) -> 7 | K23: Voracious Heart of Ula'tek (trinket) | L23: Item | M23: 270175 | N23: inv_121_trinket_raid_ulatek_heart | P23: BASE | R23: Shared across every class and spec (confirmed); it is a trinket, so check usability per spec. | S23: VERIFIED | T23: Item 270175 | U23: icon
A24: Bar 2 | B24: 71 | C24: Macro | D24: F10 | F24: Utility | G24: 2 | H24: Your pReck macro (Potion of Recklessness for DPS; use a role-appropriate potion on tank/healer) | I24: =IFERROR(INDEX('Key reach tiers'!$B$2:$B$48,MATCH(D24,'Key reach tiers'!$A$2:$A$48,0)),3) -> 1 | J24: =IF(G24="","",2*I24+G24) -> 4 | K24: Potion macro 'pReck' | L24: Macro | M24: 21 | N24: inv_misc_questionmark | P24: BASE | R24: Shared; Potion of Recklessness for DPS (role-appropriate potion for tank/healer). Keep. | S24: VERIFIED | T24: Combat potion
A25: Bar 2 | B25: 72 | C25: Macro | D25: F11 | F25: Utility | G25: 2 | H25: Your pHealth macro | I25: =IFERROR(INDEX('Key reach tiers'!$B$2:$B$48,MATCH(D25,'Key reach tiers'!$A$2:$A$48,0)),3) -> 1 | J25: =IF(G25="","",2*I25+G25) -> 4 | K25: Potion macro 'pHealth' | L25: Macro | M25: 19 | N25: inv_misc_questionmark | P25: BASE | R25: Shared; health potion then Healthstone. Keep. | S25: VERIFIED | T25: Health potion, then Healthstone
A26: Bar 3 | B26: 49 | C26: Spell | D26: MOUSEWHEELUP | F26: Mobility | G26: 2 | I26: =IFERROR(INDEX('Key reach tiers'!$B$2:$B$48,MATCH(D26,'Key reach tiers'!$A$2:$A$48,0)),3) -> 1 | J26: =IF(G26="","",2*I26+G26) -> 4 | K26: Charge | L26: Spell | M26: 100 | N26: ability_warrior_charge | O26: 4 | P26: BASE | R26: Charge on the mouse wheel; the gap closer you use constantly. | S26: VERIFIED | T26: Aspect of the Cheetah | U26: icon
A27: Bar 3 | B27: 50 | C27: Spell | D27: BUTTON5 | F27: Crowd control | G27: 2 | H27: Interrupt | I27: =IFERROR(INDEX('Key reach tiers'!$B$2:$B$48,MATCH(D27,'Key reach tiers'!$A$2:$A$48,0)),3) -> 1 | J27: =IF(G27="","",2*I27+G27) -> 4 | K27: Pummel | L27: Spell | M27: 6552 | N27: inv_gauntlets_04 | O27: 4 | P27: BASE | R27: Pummel (interrupt). | S27: VERIFIED | T27: Counter Shot | U27: icon
A28: Bar 3 | B28: 51 | C28: Macro (new) | D28: SHIFT-BUTTON5 | F28: Crowd control | G28: 2 | H28: #showtooltip Counter Shot / cast [@focus,exists,harm,nodead] Counter Shot | I28: =IFERROR(INDEX('Key reach tiers'!$B$2:$B$48,MATCH(D28,'Key reach tiers'!$A$2:$A$48,0)),3) -> 2 | J28: =IF(G28="","",2*I28+G28) -> 6 | K28: Pummel macro 'PumFocus' | L28: Macro | M28: 45 | N28: inv_gauntlets_04 | O28: 4 | P28: BASE | R28: Focus-target Pummel (new macro). | S28: VERIFIED | T28: Counter Shot on focus | U28: icon
A29: Bar 3 | B29: 52 | C29: Spell | D29: MOUSEWHEELDOWN | F29: Mobility | G29: 2 | I29: =IFERROR(INDEX('Key reach tiers'!$B$2:$B$48,MATCH(D29,'Key reach tiers'!$A$2:$A$48,0)),3) -> 1 | J29: =IF(G29="","",2*I29+G29) -> 4 | K29: Heroic Leap | L29: Spell | M29: 6544 | N29: ability_heroicleap | O29: 3 | P29: BASE | R29: Heroic Leap. | S29: VERIFIED | T29: Aspect of the Turtle | U29: icon
A30: Bar 3 | B30: 53 | C30: Spell | D30: A | F30: Defensive | G30: 2 | I30: =IFERROR(INDEX('Key reach tiers'!$B$2:$B$48,MATCH(D30,'Key reach tiers'!$A$2:$A$48,0)),3) -> 1 | J30: =IF(G30="","",2*I30+G30) -> 4 | K30: Rallying Cry | L30: Spell | M30: 97462 | N30: ability_warrior_rallyingcry | O30: 2 | P30: BASE | R30: Rallying Cry. | S30: VERIFIED | T30: Exhilaration | U30: icon
A31: Bar 3 | B31: 54 | C31: Spell | D31: D | F31: Defensive | G31: 2 | I31: =IFERROR(INDEX('Key reach tiers'!$B$2:$B$48,MATCH(D31,'Key reach tiers'!$A$2:$A$48,0)),3) -> 1 | J31: =IF(G31="","",2*I31+G31) -> 4 | K31: Spell Reflection | L31: Spell | M31: 23920 | N31: ability_warrior_shieldreflection | O31: 3 | P31: BASE | R31: Spell Reflection on D. | S31: VERIFIED | T31: Survival of the Fittest | U31: icon
A32: Bar 3 | B32: 55 | C32: Spell | D32: SHIFT-A | F32: Utility | G32: 3 | I32: =IFERROR(INDEX('Key reach tiers'!$B$2:$B$48,MATCH(D32,'Key reach tiers'!$A$2:$A$48,0)),3) -> 3 | J32: =IF(G32="","",2*I32+G32) -> 9 | K32: Battle Shout | L32: Spell | M32: 6673 | N32: ability_warrior_battleshout | O32: 2 | P32: BASE | R32: Battle Shout, raid buff. | S32: VERIFIED | T32: Mend Pet | U32: icon
A33: Bar 3 | B33: 56 | C33: Spell | D33: SHIFT-D | F33: Utility | G33: 2 | I33: =IFERROR(INDEX('Key reach tiers'!$B$2:$B$48,MATCH(D33,'Key reach tiers'!$A$2:$A$48,0)),3) -> 2 | J33: =IF(G33="","",2*I33+G33) -> 6 | K33: Berserker Rage | L33: Spell | M33: 18499 | N33: spell_nature_ancestralguardian | O33: 2 | P33: BASE | R33: Berserker Rage. | S33: VERIFIED | T33: Feign Death | U33: icon
A34: Bar 3 | B34: 57 | C34: Spell | D34: SHIFT-MOUSEWHEELDOWN | F34: Defensive | G34: 2 | I34: =IFERROR(INDEX('Key reach tiers'!$B$2:$B$48,MATCH(D34,'Key reach tiers'!$A$2:$A$48,0)),3) -> 2 | J34: =IF(G34="","",2*I34+G34) -> 6 | K34: Die by the Sword | L34: Spell | M34: 118038 | N34: ability_warrior_challange | O34: 4 | P34: BASE | R34: Die by the Sword. | S34: VERIFIED | T34: Disengage | U34: icon
A35: Bar 3 | B35: 58 | C35: Spell | F35: Utility | G35: 3 | I35: =IFERROR(INDEX('Key reach tiers'!$B$2:$B$48,MATCH(D35,'Key reach tiers'!$A$2:$A$48,0)),3) -> 3 | J35: =IF(G35="","",2*I35+G35) -> 9 | K35: (open) | L35: Open | P35: BASE | R35: Nothing useful for this spec on this key; left open. | S35: UNVERIFIED | T35: Primal Rage
A36: Bar 3 | B36: 59 | C36: Macro (new) | D36: SHIFT-F10 | F36: Utility | G36: 3 | H36: #showtooltip Counter Shot / cleartarget / targetenemy / cast Counter Shot / targetlasttarget | I36: =IFERROR(INDEX('Key reach tiers'!$B$2:$B$48,MATCH(D36,'Key reach tiers'!$A$2:$A$48,0)),3) -> 2 | J36: =IF(G36="","",2*I36+G36) -> 7 | K36: Pummel macro 'AutoPummel' | L36: Macro | M36: 46 | N36: inv_gauntlets_04 | O36: 4 | P36: BASE | R36: Auto-target Pummel (new macro). | S36: VERIFIED | T36: Counter Shot on tab target | U36: icon
A37: Bar 3 | B37: 60 | C37: Spell | D37: SHIFT-F11 | F37: Utility | G37: 3 | I37: =IFERROR(INDEX('Key reach tiers'!$B$2:$B$48,MATCH(D37,'Key reach tiers'!$A$2:$A$48,0)),3) -> 2 | J37: =IF(G37="","",2*I37+G37) -> 7 | K37: (open) | L37: Open | P37: BASE | R37: Nothing useful for this spec on this key; left open. | S37: UNVERIFIED | T37: Revive Pet
A38: Bar 4 | B38: 25 | C38: Item | D38: ALT-0 | F38: Cross char utility | H38: Name not resolved | I38: =IFERROR(INDEX('Key reach tiers'!$B$2:$B$48,MATCH(D38,'Key reach tiers'!$A$2:$A$48,0)),3) -> 3 | J38: =IF(G38="","",2*I38+G38) | K38: Corewarden's Hearthstone | L38: Item | M38: 265100 | N38: inv_cosmicvoid_groundsate | P38: BASE | R38: Bar 4 is fixed for all classes and specs. Keep. | S38: VERIFIED | T38: Item 265100 | U38: icon
A39: Bar 4 | B39: 26 | C39: Item | D39: ALT-1 | F39: Cross char utility | H39: Item 140192 | I39: =IFERROR(INDEX('Key reach tiers'!$B$2:$B$48,MATCH(D39,'Key reach tiers'!$A$2:$A$48,0)),3) -> 3 | J39: =IF(G39="","",2*I39+G39) | K39: Dalaran Hearthstone | L39: Item | M39: 140192 | N39: inv_misc_rune_15 | P39: BASE | R39: Bar 4 is fixed for all classes and specs. Keep. | S39: VERIFIED | T39: Dalaran Hearthstone | U39: icon
A40: Bar 4 | B40: 27 | C40: Item | D40: ALT-2 | F40: Cross char utility | H40: Name not resolved | I40: =IFERROR(INDEX('Key reach tiers'!$B$2:$B$48,MATCH(D40,'Key reach tiers'!$A$2:$A$48,0)),3) -> 3 | J40: =IF(G40="","",2*I40+G40) | K40: Personal Key to the Arcantina | L40: Item | M40: 253629 | N40: inv_12_-arcantina_key | P40: BASE | R40: Bar 4 is fixed for all classes and specs. Keep. | S40: VERIFIED | T40: Item 253629 | U40: icon
A41: Bar 4 | B41: 28 | C41: Mount | D41: ALT-3 | F41: Cross char utility | H41: Mount ID 460 | I41: =IFERROR(INDEX('Key reach tiers'!$B$2:$B$48,MATCH(D41,'Key reach tiers'!$A$2:$A$48,0)),3) -> 2 | J41: =IF(G41="","",2*I41+G41) | K41: Mount: Grand Expedition Yak | L41: Mount | M41: 460 | N41: ability_mount_yak | P41: BASE | R41: Bar 4 is fixed for all classes and specs. Keep. | S41: VERIFIED | T41: Grand Expedition Yak | U41: icon
A42: Bar 4 | B42: 29 | C42: Mount | D42: ALT-4 | F42: Cross char utility | H42: Name not resolved | I42: =IFERROR(INDEX('Key reach tiers'!$B$2:$B$48,MATCH(D42,'Key reach tiers'!$A$2:$A$48,0)),3) -> 2 | J42: =IF(G42="","",2*I42+G42) | K42: Mount: Trader's Gilded Brutosaur | L42: Mount | M42: 2265 | N42: ability_mount_mammoth_brown | P42: BASE | R42: Bar 4 is fixed for all classes and specs. Keep. (icon file not looked up) | S42: VERIFIED | T42: Mount ID 2265 | U42: icon
A43: Bar 4 | B43: 30 | C43: Macro (blank name) | D43: ALT-SHIFT-3 | F43: Cross char utility | H43: Dragonriding mount-up; dismounts if mounted | I43: =IFERROR(INDEX('Key reach tiers'!$B$2:$B$48,MATCH(D43,'Key reach tiers'!$A$2:$A$48,0)),3) -> 2 | J43: =IF(G43="","",2*I43+G43) | K43: Soar mount-up macro (macro 1) | L43: Macro | M43: 1 | N43: ability_dragonriding_forwardflap01 | P43: BASE | R43: Bar 4 is fixed for all classes and specs. Keep. | S43: VERIFIED | T43: Soar | U43: icon
A44: Bar 4 | B44: 31 | C44: Companion | D44: ALT-SHIFT-4 | F44: Cross char utility | H44: Name not resolved | I44: =IFERROR(INDEX('Key reach tiers'!$B$2:$B$48,MATCH(D44,'Key reach tiers'!$A$2:$A$48,0)),3) -> 2 | J44: =IF(G44="","",2*I44+G44) | K44: Companion: Tuskarr Hermit Crab | L44: Companion | M44: 1293028 | N44: inv_misc_questionmark | P44: BASE | R44: Bar 4 is fixed for all classes and specs. Keep. (icon file not looked up) | S44: VERIFIED | T44: Companion ID 1293028
A45: Bar 4 | B45: 32 | C45: Macro: portions | D45: ALT-5 | F45: Cross char utility | H45: Plumber drawer, 5 potions | I45: =IFERROR(INDEX('Key reach tiers'!$B$2:$B$48,MATCH(D45,'Key reach tiers'!$A$2:$A$48,0)),3) -> 3 | J45: =IF(G45="","",2*I45+G45) | K45: Potion drawer macro 'portions' | L45: Macro | M45: 20 | N45: inv_potion_54 | P45: BASE | R45: Bar 4 is fixed for all classes and specs. Keep. | S45: VERIFIED | T45: Potion drawer | U45: icon
A46: Bar 4 | B46: 33 | C46: Macro: toys | D46: ALT-6 | F46: Cross char utility | H46: Plumber drawer, 7 toys | I46: =IFERROR(INDEX('Key reach tiers'!$B$2:$B$48,MATCH(D46,'Key reach tiers'!$A$2:$A$48,0)),3) -> 3 | J46: =IF(G46="","",2*I46+G46) | K46: Toy drawer macro 'toys' | L46: Macro | M46: 30 | N46: inv_misc_toy_07 | P46: BASE | R46: Bar 4 is fixed for all classes and specs. Keep. | S46: VERIFIED | T46: Toy drawer | U46: icon
A47: Bar 4 | B47: 34 | C47: Flyout | D47: ALT-7 | F47: Cross char utility | H47: Only the number is stored in the export | I47: =IFERROR(INDEX('Key reach tiers'!$B$2:$B$48,MATCH(D47,'Key reach tiers'!$A$2:$A$48,0)),3) -> 3 | J47: =IF(G47="","",2*I47+G47) | K47: Warband Bank Distance Inhibitor | L47: Item | M47: 216665 | N47: inv_cosmicvoid_orb | P47: BASE | R47: Your choice. Name and icon verified on Wowhead; the tooltip lists no use effect, so its behaviour is unverified. | S47: UNVERIFIED | T47: Flyout 244 | U47: icon
A48: Bar 4 | B48: 35 | C48: Spell | D48: ALT-8 | F48: Cross char utility | H48: Duplicate of slot 69 | I48: =IFERROR(INDEX('Key reach tiers'!$B$2:$B$48,MATCH(D48,'Key reach tiers'!$A$2:$A$48,0)),3) -> 3 | J48: =IF(G48="","",2*I48+G48) | K48: Teleport Home (housing) | L48: Spell | M48: 1233637 | N48: inv_misc_rune_01 | P48: BASE | R48: Recommended: account-wide utility; only works for characters that own a home. | S48: VERIFIED | T48: Beast Lore | U48: icon
A49: Bar 4 | B49: 36 | C49: Empty | D49: ALT-9 | F49: Cross char utility | I49: =IFERROR(INDEX('Key reach tiers'!$B$2:$B$48,MATCH(D49,'Key reach tiers'!$A$2:$A$48,0)),3) -> 3 | J49: =IF(G49="","",2*I49+G49) | K49: Hero's Path: Midnight Season 2 (flyout 244) | L49: Flyout | M49: 244 | N49: inv_misc_questionmark | P49: BASE | R49: Recommended: kept from your bar, moved from slot 34; wago.tools shows ClassMask -1 (all classes). | S49: VERIFIED
A51: Totals: BASE 48.
A52: Hero tree on this sheet: Slayer. Wowhead Mythic+ builds; Slayer is marked (Best).
A53: Talent string, Slayer (Wowhead Mythic+): CcEAAAAAAAAAAAAAAAAAAAAAAgZmZmFzYmZGAAAghphxYmZzMzMzYmxMDAAAAgxyMDMhxy2AbgBMDTIzgNwMDDDmlZ2GgZGAMDDA (zero tree hash; in-game acceptance UNVERIFIED)
A54: Talent string, Colossus (Wowhead Mythic+): CcEAAAAAAAAAAAAAAAAAAAAAAgZmxsMzMzYGAAAghphxYmZzMzMzYmxMDAAAAgxmZgJLAbmxwCMwMajGDWAzMMMGzmZbwMDAwMMA (zero tree hash; in-game acceptance UNVERIFIED)
A55: If you switch to Colossus: slot 67 becomes Demolish

Sheet Warrior Arms spells
A1: Rank (5 = most used) | B1: Spell | C1: Spell ID | D1: Category | E1: Tree | F1: Status | G1: Placed in slot(s) | H1: Note | I1: Icon file | J1: Wowhead link
A2: 5 | B2: Avatar | C2: 107574 | D2: Burst | E2: spec | F2: VERIFIED | G2: 65 | H2: Rule: SHIFT-R is Burst. Avatar plus both trinkets (new macro). | I2: warrior_talent_icon_avatar | J2: https://www.wowhead.com/spell=107574
A3: 5 | B3: Cleave | C3: 845 | D3: Attack/Heal | E3: spec | F3: VERIFIED | G3: 3 | H3: Cleave, applies Rend in the Slayer priority. | I3: ability_warrior_cleave | J3: https://www.wowhead.com/spell=845
A4: 5 | B4: Colossus Smash | C4: 167105 | D4: Attack/Heal | E4: spec | F4: VERIFIED | G4: 1 | H4: Colossus Smash on cooldown. | I4: inv_warbreaker | J4: https://www.wowhead.com/spell=167105
A5: 5 | B5: Execute | C5: 163201 | D5: Attack/Heal | E5: spec | F5: VERIFIED | G5: 4 | H5: Execute, Sudden Death procs. | I5: inv_sword_48 | J5: https://www.wowhead.com/spell=163201
A6: 5 | B6: Mortal Strike | C6: 12294 | D6: Attack/Heal | E6: spec | F6: VERIFIED | G6: 5 | H6: Mortal Strike. | I6: ability_warrior_savageblow | J6: https://www.wowhead.com/spell=12294
A7: 4 | B7: Bladestorm | C7: 227847 | D7: Burst | E7: spec | F7: VERIFIED | G7: 66 | H7: Bladestorm. | I7: ability_warrior_bladestorm | J7: https://www.wowhead.com/spell=227847
A8: 4 | B8: Charge | C8: 100 | D8: Mobility | E8: spec | F8: VERIFIED | G8: 49 | H8: Charge on the mouse wheel; the gap closer you use constantly. | I8: ability_warrior_charge | J8: https://www.wowhead.com/spell=100
A9: 4 | B9: Demolish | C9: 436358 | D9: Burst | E9: hero:Colossus | F9: VERIFIED | G9: not placed | H9: Demolish (Colossus hero ability). | I9: inv_ability_colossuswarrior_demolish | J9: https://www.wowhead.com/spell=436358
A10: 4 | B10: Die by the Sword | C10: 118038 | D10: Defensive | E10: spec | F10: VERIFIED | G10: 57 | H10: Die by the Sword. | I10: ability_warrior_challange | J10: https://www.wowhead.com/spell=118038
A11: 4 | B11: Heroic Strike | C11: 1269383 | D11: Attack/Heal | E11: spec | F11: VERIFIED | G11: 2 | H11: Heroic Strike on the thumb button. | I11: ability_rogue_ambush | J11: https://www.wowhead.com/spell=1269383
A12: 4 | B12: Overpower | C12: 7384 | D12: Attack/Heal | E12: spec | F12: VERIFIED | G12: 7 | H12: Overpower. | I12: ability_meleedamage | J12: https://www.wowhead.com/spell=7384
A13: 4 | B13: Pummel | C13: 6552 | D13: Crowd control | E13: spec | F13: VERIFIED | G13: 50, 51, 59 | H13: Pummel (interrupt). | I13: inv_gauntlets_04 | J13: https://www.wowhead.com/spell=6552
... A29: 1 | B29: Piercing Howl | C29: 12323 | D29: Crowd control | E29: class | F29: VERIFIED | G29: not placed | H29: Piercing Howl. | I29: spell_shadow_deathscream | J29: https://www.wowhead.com/spell=12323

Sheet Warrior - Fury
A1: Bar | B1: Slot | C1: Type | D1: Key 1 | E1: Key 2 | F1: keys reserved for | G1: Importance of slots | H1: Input notes (xlsx Details) | I1: Key reach tier | J1: Priority score | K1: Recommended action | L1: Placed as | M1: ID / macro id | N1: Icon file | O1: Spell rank (1-5) | P1: vs Arms | Q1: Arms has | R1: Reason | S1: Status | T1: xlsx spell (unreliable) | U1: Icon link
A2: Bar 1 | B2: 1 | C2: Spell | D2: 1 | F2: Attack/Heal | G2: 2 | H2: Beast Cleave | I2: =IFERROR(INDEX('Key reach tiers'!$B$2:$B$48,MATCH(D2,'Key reach tiers'!$A$2:$A$48,0)),3) -> 1 | J2: =IF(G2="","",2*I2+G2) -> 4 | K2: Odyn's Fury | L2: Spell | M2: 385059 | N2: inv_sword_1h_artifactvigfus_d_01 | O2: 4 | P2: DIFFERENT | Q2: Colossus Smash | R2: Odyn's Fury. | S2: VERIFIED | T2: Multi-Shot | U2: icon
A3: Bar 1 | B3: 2 | C3: Spell | D3: 2 | F3: Attack/Heal | G3: 1 | I3: =IFERROR(INDEX('Key reach tiers'!$B$2:$B$48,MATCH(D3,'Key reach tiers'!$A$2:$A$48,0)),3) -> 1 | J3: =IF(G3="","",2*I3+G3) -> 3 | K3: Thunder Clap | L3: Spell | M3: 6343 | N3: spell_nature_thunderclap | O3: 3 | P3: DIFFERENT | Q3: Heroic Strike | R3: Thunder Clap (Mountain Thane). | S3: VERIFIED | T3: Kill Command | U3: icon
A4: Bar 1 | B4: 3 | C4: Spell | D4: 3 | F4: Attack/Heal | G4: 1 | I4: =IFERROR(INDEX('Key reach tiers'!$B$2:$B$48,MATCH(D4,'Key reach tiers'!$A$2:$A$48,0)),3) -> 1 | J4: =IF(G4="","",2*I4+G4) -> 3 | K4: Raging Blow | L4: Spell | M4: 85288 | N4: warrior_wild_strike | O4: 5 | P4: DIFFERENT | Q4: Cleave | R4: Raging Blow (Crushing Blow replaces it on the same button). | S4: VERIFIED | T4: Barbed Shot | U4: icon
A5: Bar 1 | B5: 4 | C5: Spell | D5: 4 | F5: Attack/Heal | G5: 2 | H5: From your BM bar | I5: =IFERROR(INDEX('Key reach tiers'!$B$2:$B$48,MATCH(D5,'Key reach tiers'!$A$2:$A$48,0)),3) -> 1 | J5: =IF(G5="","",2*I5+G5) -> 4 | K5: Whirlwind | L5: Spell | M5: 190411 | N5: ability_whirlwind | O5: 4 | P5: DIFFERENT | Q5: Execute | R5: Whirlwind, filler and AoE buff. | S5: VERIFIED | T5: Wild Thrash | U5: icon
A6: Bar 1 | B6: 5 | C6: Spell | D6: R | F6: Attack/Heal | G6: 1 | I6: =IFERROR(INDEX('Key reach tiers'!$B$2:$B$48,MATCH(D6,'Key reach tiers'!$A$2:$A$48,0)),3) -> 1 | J6: =IF(G6="","",2*I6+G6) -> 3 | K6: Rampage | L6: Spell | M6: 184367 | N6: ability_warrior_rampage | O6: 5 | P6: DIFFERENT | Q6: Mortal Strike | R6: Rampage, main spender. | S6: VERIFIED | T6: Cobra Shot | U6: icon
A7: Bar 1 | B7: 6 | C7: Spell | D7: F | F7: Attack/Heal | G7: 2 | H7: AoE opener | I7: =IFERROR(INDEX('Key reach tiers'!$B$2:$B$48,MATCH(D7,'Key reach tiers'!$A$2:$A$48,0)),3) -> 1 | J7: =IF(G7="","",2*I7+G7) -> 4 | K7: Execute | L7: Spell | M7: 163201 | N7: inv_sword_48 | O7: 4 | P7: DIFFERENT | Q7: Slam | R7: Execute. | S7: VERIFIED | T7: Dire Beast | U7: icon
A8: Bar 1 | B8: 7 | C8: Spell | D8: BUTTON4 | F8: Attack/Heal | G8: 1 | H8: Dark Ranger | I8: =IFERROR(INDEX('Key reach tiers'!$B$2:$B$48,MATCH(D8,'Key reach tiers'!$A$2:$A$48,0)),3) -> 1 | J8: =IF(G8="","",2*I8+G8) -> 3 | K8: Bloodthirst | L8: Spell | M8: 23881 | N8: spell_nature_bloodlust | O8: 5 | P8: DIFFERENT | Q8: Overpower | R8: Bloodthirst (Bloodbath replaces it on the same button). | S8: VERIFIED | T8: Black Arrow | U8: icon
A9: Bar 1 | B9: 8 | C9: Spell | D9: SHIFT-BUTTON4 | F9: Attack/Heal | G9: 2 | I9: =IFERROR(INDEX('Key reach tiers'!$B$2:$B$48,MATCH(D9,'Key reach tiers'!$A$2:$A$48,0)),3) -> 2 | J9: =IF(G9="","",2*I9+G9) -> 6 | K9: Thunder Blast | L9: Spell | M9: 435607 | N9: warrior_talent_icon_bloodandthunder | O9: 3 | P9: DIFFERENT | Q9: Sweeping Strikes | R9: Thunder Blast (Mountain Thane). | S9: VERIFIED | T9: Hunter's Mark | U9: icon
A10: Bar 1 | B10: 9 | C10: Spell | D10: V | F10: Utility | G10: 3 | I10: =IFERROR(INDEX('Key reach tiers'!$B$2:$B$48,MATCH(D10,'Key reach tiers'!$A$2:$A$48,0)),3) -> 2 | J10: =IF(G10="","",2*I10+G10) -> 7 | K10: (open) | L10: Open | P10: SAME | Q10: (open) | R10: Same as Arms. | S10: UNVERIFIED | T10: Tranquilizing Shot
A11: Bar 1 | B11: 10 | C11: Spell | D11: SHIFT-V | F11: Utility | G11: 3 | I11: =IFERROR(INDEX('Key reach tiers'!$B$2:$B$48,MATCH(D11,'Key reach tiers'!$A$2:$A$48,0)),3) -> 3 | J11: =IF(G11="","",2*I11+G11) -> 9 | K11: (open) | L11: Open | P11: SAME | Q11: (open) | R11: Same as Arms. | S11: UNVERIFIED | T11: Misdirection
A12: Bar 1 | B12: 11 | C12: Item | D12: ALT-MOUSEWHEELUP | F12: Utility | G12: 3 | H12: Unchanged from your BM bar | I12: =IFERROR(INDEX('Key reach tiers'!$B$2:$B$48,MATCH(D12,'Key reach tiers'!$A$2:$A$48,0)),3) -> 3 | J12: =IF(G12="","",2*I12+G12) -> 9 | K12: Interdimensional Companion Repository | L12: Item | M12: 153510 | N12: inv_eng_interdimensionalcompanionrepository | P12: SAME | Q12: Interdimensional Companion Repository | R12: Same as Arms. | S12: VERIFIED | T12: Item 153510 | U12: icon
A13: Bar 1 | B13: 12 | C13: Item | D13: ALT-MOUSEWHEELDOWN | F13: Utility | G13: 3 | I13: =IFERROR(INDEX('Key reach tiers'!$B$2:$B$48,MATCH(D13,'Key reach tiers'!$A$2:$A$48,0)),3) -> 3 | J13: =IF(G13="","",2*I13+G13) -> 9 | K13: Healthstone | L13: Item | M13: 5512 | N13: warlock_-healthstone | P13: SAME | Q13: Healthstone | R13: Same as Arms. | S13: VERIFIED | T13: Healthstone | U13: icon
A14: Bar 2 | B14: 61 | C14: Spell | D14: SHIFT-MOUSEWHEELUP | F14: Utility | G14: 3 | I14: =IFERROR(INDEX('Key reach tiers'!$B$2:$B$48,MATCH(D14,'Key reach tiers'!$A$2:$A$48,0)),3) -> 2 | J14: =IF(G14="","",2*I14+G14) -> 7 | K14: Intervene | L14: Spell | M14: 3411 | N14: ability_warrior_victoryrush | O14: 1 | P14: SAME | Q14: Intervene | R14: Same as Arms. | S14: VERIFIED | T14: Flare | U14: icon
A15: Bar 2 | B15: 62 | C15: Spell | D15: C | E15: F9 | F15: Crowd control | G15: 3 | I15: =IFERROR(INDEX('Key reach tiers'!$B$2:$B$48,MATCH(D15,'Key reach tiers'!$A$2:$A$48,0)),3) -> 2 | J15: =IF(G15="","",2*I15+G15) -> 7 | K15: Storm Bolt | L15: Spell | M15: 107570 | N15: warrior_talent_icon_stormbolt | O15: 3 | P15: SAME | Q15: Storm Bolt | R15: Same as Arms. | S15: VERIFIED | T15: Binding Shot | U15: icon
A16: Bar 2 | B16: 63 | C16: Spell | D16: T | F16: Utility | G16: 3 | I16: =IFERROR(INDEX('Key reach tiers'!$B$2:$B$48,MATCH(D16,'Key reach tiers'!$A$2:$A$48,0)),3) -> 2 | J16: =IF(G16="","",2*I16+G16) -> 7 | K16: Shockwave | L16: Spell | M16: 46968 | N16: ability_warrior_shockwave | O16: 2 | P16: SAME | Q16: Shockwave | R16: Same as Arms. | S16: VERIFIED | T16: Camouflage | U16: icon
A17: Bar 2 | B17: 64 | C17: Spell | D17: SHIFT-C | F17: Crowd control | G17: 3 | I17: =IFERROR(INDEX('Key reach tiers'!$B$2:$B$48,MATCH(D17,'Key reach tiers'!$A$2:$A$48,0)),3) -> 3 | J17: =IF(G17="","",2*I17+G17) -> 9 | K17: Intimidating Shout | L17: Spell | M17: 5246 | N17: ability_golemthunderclap | O17: 2 | P17: SAME | Q17: Intimidating Shout | R17: Same as Arms. | S17: VERIFIED | T17: Freezing Trap | U17: icon
A18: Bar 2 | B18: 65 | C18: Spell | D18: SHIFT-R | F18: Burst | G18: 3 | H18: With racials, trinkets, potion | I18: =IFERROR(INDEX('Key reach tiers'!$B$2:$B$48,MATCH(D18,'Key reach tiers'!$A$2:$A$48,0)),3) -> 2 | J18: =IF(G18="","",2*I18+G18) -> 7 | K18: Recklessness macro 'Reck' | L18: Macro | M18: 47 | N18: warrior_talent_icon_innerrage | O18: 5 | P18: DIFFERENT | Q18: Avatar macro 'AvatarB' | R18: Rule: SHIFT-R is Burst. Recklessness + Avatar + trinkets in one macro (new), as Wowhead notes they may be macroed together. | S18: VERIFIED | T18: Bestial Wrath | U18: icon
A19: Bar 2 | B19: 66 | C19: Spell | D19: SHIFT-F | F19: Burst | G19: 3 | I19: =IFERROR(INDEX('Key reach tiers'!$B$2:$B$48,MATCH(D19,'Key reach tiers'!$A$2:$A$48,0)),3) -> 2 | J19: =IF(G19="","",2*I19+G19) -> 7 | K19: Bladestorm | L19: Spell | M19: 227847 | N19: ability_warrior_bladestorm | O19: 3 | P19: SAME | Q19: Bladestorm | R19: Same as Arms. | S19: VERIFIED | T19: Call of the Wild | U19: icon
